,zipcode,Center Exists,employment rate,average income,zipcode group 1,Demand Type,total_capacity,under-5_capacity,0-4,5-9,10-12,Total Kid Count,Desert
0,10001,Y,0.5950970226633091,102878.03360298694,100,Normal,609.0,0.0,744.0,784.0,565.1999999999999,2093.2,Y
1,10005,Y,0.6658334280195433,121437.7133105802,100,High,39.0,0.0,484.0,204.0,137.4,825.4,Y
2,10007,Y,0.528910205169198,138853.90428211587,100,Normal,284.0,0.0,605.0,451.0,174.0,1230.0,Y
3,10010,Y,0.4927491514964517,116272.69881026926,100,Normal,234.0,0.0,1422.0,1592.0,568.8,3582.8,Y
4,10012,Y,0.5382730015082956,111131.78633975482,100,Normal,24.0,0.0,613.0,161.0,244.2,1018.2,Y
5,10013,Y,0.4861983499134213,106023.04469273744,100,Normal,435.0,0.0,1249.0,1108.0,825.6,3182.6,Y
6,10016,Y,0.5652117934852582,109298.7308818744,100,Normal,823.0,0.0,1798.0,1261.0,846.0,3905.0,Y
7,10017,Y,0.7773022228358415,118061.72291296624,100,High,107.0,0.0,193.0,177.0,139.2,509.2,Y
8,10018,N,0.757593255572237,108746.18902439025,100,High,0.0,0.0,242.0,218.0,74.39999999999999,534.4,Y
9,10019,Y,0.6170789879811065,107014.96779082986,100,High,591.0,0.0,1099.0,728.0,265.2,2092.2,Y
10,10021,Y,0.5418040450765218,124193.91462306994,100,Normal,460.0,0.0,1787.0,1174.0,1376.3999999999999,4337.4,Y
11,10022,Y,0.5698803072708867,124320.79414838034,100,Normal,16.0,0.0,1228.0,926.0,648.6,2802.6,Y
12,10023,Y,0.5057376799683438,121776.25639482395,100,Normal,1099.0,0.0,3548.0,2435.0,1317.6,7300.6,Y
13,10024,Y,0.4603816866855704,118313.14878892733,100,Normal,1243.0,9.0,4221.0,2929.0,1704.0,8854.0,Y
14,10025,Y,0.4391264898750361,93258.39398919934,100,Normal,2553.0,54.6,4499.0,3510.0,2164.7999999999997,10173.8,Y
15,10026,Y,0.4513262772768849,65380.71800810655,100,Normal,1706.0,10.799999999999999,2222.0,1962.0,1297.2,5481.2,Y
16,10028,Y,0.5260625150381696,117822.24532224532,100,Normal,348.0,21.599999999999998,1719.0,2175.0,1004.4,4898.4,Y
17,10029,Y,0.4520326923585579,48339.6723229959,100,High,3358.0,0.0,3965.0,3262.0,2446.7999999999997,9673.8,Y
18,10033,Y,0.4276881674643593,52235.16527279968,100,High,2893.0,0.0,3206.0,2430.0,1608.6,7244.6,Y
19,10037,Y,0.5026648552617828,57120.58212058212,100,High,586.0,12.6,1070.0,932.0,564.0,2566.0,Y
20,10039,Y,0.4219225750326228,47026.16970658208,100,High,1423.0,0.0,1898.0,1576.0,1158.0,4632.0,Y
21,10044,Y,0.3992908998818166,86945.03171247357,100,Normal,489.0,0.0,939.0,495.0,322.8,1756.8,Y
22,10065,Y,0.491266729317217,120720.64643799471,100,Normal,845.0,24.0,2230.0,1269.0,601.1999999999999,4100.2,Y
23,10069,Y,0.519252276721521,133653.84615384616,100,Normal,16.0,0.0,690.0,270.0,325.8,1285.8,Y
24,10075,Y,0.5635451505016722,120113.13056379822,100,Normal,235.0,0.0,1243.0,806.0,471.59999999999997,2520.6,Y
25,10128,Y,0.5517241379310345,111992.48721227625,101,Normal,301.0,0.0,2791.0,1775.0,1093.2,5659.2,Y
26,10199,N,0.5253696198519257,124664.00676403285,101,Normal,0.0,0.0,0.0,0.0,0.0,0.0,Y
27,10282,Y,0.3286821705426356,152181.6037735849,102,Normal,279.0,0.0,418.0,566.0,354.0,1338.0,Y
28,10301,Y,0.4564726885026406,66913.36230309615,103,Normal,1905.0,6.0,2780.0,2123.0,1230.6,6133.6,Y
29,10302,Y,0.4766521247374374,57217.51412429378,103,High,744.0,0.0,1338.0,1203.0,783.0,3324.0,Y
30,10303,Y,0.4733596721190414,52778.861154446175,103,High,1629.0,0.0,1262.0,1716.0,1326.6,4304.6,Y
31,10305,Y,0.496553031200398,64277.19465648855,103,Normal,786.0,0.0,1653.0,2272.0,1336.8,5261.8,Y
32,10306,Y,0.5132309005548442,73657.31115731115,103,Normal,578.0,0.0,2606.0,2860.0,2461.7999999999997,7927.799999999999,Y
33,10307,Y,0.4662826160623517,86900.43604651163,103,Normal,259.0,0.0,1098.0,525.0,583.1999999999999,2206.2,Y
34,10308,Y,0.4721529509559434,81452.4647887324,103,Normal,447.0,0.0,1106.0,1609.0,1173.6,3888.6,Y
35,10309,Y,0.4602763385146804,85576.92307692306,103,Normal,297.0,0.0,1936.0,1834.0,1605.6,5375.6,Y
36,10310,Y,0.4500933724608407,67453.42929720576,103,Normal,1168.0,0.0,2167.0,1486.0,1106.3999999999999,4759.4,Y
37,10312,Y,0.4781560663589242,83484.34925864909,103,Normal,1140.0,4.8,3668.0,4364.0,2055.0,10087.0,Y
38,10454,Y,0.389063374966523,35661.76470588235,104,High,3163.0,0.0,2870.0,2975.0,2091.6,7936.6,Y
39,10457,Y,0.4239698309883859,34633.56973995271,104,High,6559.0,0.0,6785.0,6324.0,4157.4,17266.4,Y
40,10461,Y,0.4883227176220807,57890.49919484702,104,High,1462.0,0.0,2750.0,3178.0,1992.0,7920.0,Y
41,10462,Y,0.508481160170918,49331.55080213904,104,High,3425.0,0.0,5581.0,4432.0,3350.4,13363.4,Y
42,10464,Y,0.5009319664492078,84418.6046511628,104,Normal,114.0,0.0,75.0,329.0,114.6,518.6,Y
43,10465,Y,0.4288398004793677,67554.12890231621,104,Normal,1888.0,0.0,3268.0,2118.0,1820.3999999999999,7206.4,Y
44,10470,Y,0.4899285250162443,58968.83289124668,104,High,632.0,0.0,1311.0,578.0,265.2,2154.2,Y
45,10471,Y,0.4347256204124432,91633.16582914571,104,Normal,284.0,0.0,1015.0,790.0,703.1999999999999,2508.2,Y
46,10472,Y,0.4482024416770063,37918.66028708134,104,High,3593.0,0.0,5321.0,4406.0,2663.4,12390.4,Y
47,10474,Y,0.4441489361702128,35229.54091816367,104,High,1194.0,0.0,1001.0,1151.0,449.4,2601.4,Y
48,10475,Y,0.5172691132201209,56136.16170590848,104,High,1808.0,0.0,3115.0,2284.0,1057.2,6456.2,Y
49,10501,N,0.4943502824858757,105178.57142857142,105,Normal,0.0,0.0,16.0,40.0,71.39999999999999,127.39999999999999,Y
50,10502,Y,0.4995648389904265,120470.38327526132,105,Normal,273.0,0.0,322.0,366.0,318.59999999999997,1006.5999999999999,Y
51,10503,N,0.5113359266983857,100811.24844261885,105,Normal,0.0,0.0,0.0,0.0,0.0,0.0,Y
52,10505,N,0.7243816254416962,92225.60975609758,105,High,0.0,0.0,44.0,71.0,48.6,163.6,Y
53,10507,Y,0.4216773387474621,85787.03703703704,105,Normal,220.0,122.6,425.0,448.0,189.0,1062.0,Y
54,10511,Y,0.5173169662428759,82944.91525423728,105,Normal,72.0,0.0,119.0,95.0,88.2,302.2,Y
55,10514,Y,0.4258957021838812,136587.5912408759,105,Normal,585.0,294.0,732.0,1008.0,682.1999999999999,2422.2,Y
56,10516,Y,0.4923903312444047,99500.0,105,Normal,163.0,114.6,283.0,261.0,172.79999999999998,716.8,Y
57,10518,N,0.8554216867469879,113556.338028169,105,High,0.0,0.0,11.0,24.0,16.2,51.2,Y
58,10519,N,0.5113359266983857,100811.24844261885,105,Normal,0.0,0.0,0.0,0.0,23.4,23.4,Y
59,10524,Y,0.4926335174953959,102978.9719626168,105,Normal,16.0,0.0,131.0,156.0,219.6,506.6,Y
60,10526,N,0.4951005673027334,105338.54166666666,105,Normal,0.0,0.0,81.0,81.0,86.39999999999999,248.39999999999998,Y
61,10528,Y,0.4463750748951468,100964.76510067114,105,Normal,690.0,336.2,786.0,952.0,640.8,2378.8,Y
62,10530,Y,0.5131298793470547,105584.37067773168,105,Normal,405.0,125.6,867.0,560.0,319.2,1746.2,Y
63,10533,Y,0.510286951813752,121352.7851458886,105,Normal,157.0,52.8,538.0,808.0,380.4,1726.4,Y
64,10536,Y,0.4853199962952672,118916.9847328244,105,Normal,315.0,174.4,515.0,842.0,549.6,1906.6,Y
65,10537,N,0.4120229652144546,77254.09836065574,105,Normal,0.0,0.0,100.0,185.0,156.0,441.0,Y
66,10538,Y,0.4663447884123828,127009.74421437272,105,Normal,455.0,254.40000000000003,1213.0,1586.0,1014.5999999999999,3813.6,Y
67,10542,N,0.5113359266983857,100811.24844261885,105,Normal,0.0,0.0,0.0,0.0,0.0,0.0,Y
68,10543,Y,0.4652037028335135,95909.09090909093,105,Normal,867.0,295.59999999999997,1142.0,1848.0,718.8,3708.8,Y
69,10545,N,0.5113359266983857,100811.24844261885,105,Normal,0.0,0.0,0.0,8.0,0.0,8.0,Y
70,10546,N,0.6947162426614482,120246.47887323944,105,High,0.0,0.0,47.0,34.0,43.199999999999996,124.19999999999999,Y
71,10548,Y,0.382366171839856,86397.05882352941,105,Normal,121.0,47.8,303.0,202.0,94.8,599.8,Y
72,10549,Y,0.529746835443038,92114.69534050178,105,Normal,734.0,436.0,1395.0,681.0,570.6,2646.6,Y
73,10553,Y,0.5481664449933498,58578.856152513,105,High,156.0,0.0,438.0,549.0,226.2,1213.2,Y
74,10560,Y,0.4562814070351759,104955.94713656387,105,Normal,129.0,0.0,383.0,296.0,185.4,864.4,Y
75,10567,Y,0.5107379540584982,97280.48780487804,105,Normal,303.0,139.8,1135.0,994.0,870.6,2999.6,Y
76,10570,Y,0.4624848116646415,112294.74548440066,105,Normal,316.0,112.19999999999999,659.0,743.0,509.4,1911.4,Y
77,10573,Y,0.4740027710931233,73685.89743589744,105,Normal,1573.0,362.2,2248.0,2328.0,1350.0,5926.0,Y
78,10576,Y,0.5175563223056627,125196.07843137256,105,Normal,40.0,0.0,98.0,200.0,161.4,459.4,Y
79,10578,N,0.2348993288590604,91964.28571428572,105,Normal,0.0,0.0,28.0,211.0,145.79999999999998,384.79999999999995,Y
80,10580,Y,0.4624661171654589,125284.09090909093,105,Normal,410.0,174.0,801.0,1580.0,1046.3999999999999,3427.3999999999996,Y
81,10583,Y,0.4617218478604617,127798.99894625922,105,Normal,1776.0,918.2,2181.0,3239.0,2222.4,7642.4,Y
82,10588,Y,0.4065533980582524,91138.05970149252,105,Normal,41.0,0.0,322.0,83.0,162.0,567.0,Y
83,10589,Y,0.666294175164129,108700.20964360586,105,High,210.0,49.4,182.0,308.0,213.0,703.0,Y
84,10590,Y,0.4401242068313757,113611.96319018403,105,Normal,245.0,118.19999999999999,324.0,416.0,300.59999999999997,1040.6,Y
85,10594,Y,0.4851752021563342,100277.77777777778,105,Normal,32.0,0.0,359.0,397.0,195.6,951.6,Y
86,10596,N,0.5113359266983857,100811.24844261885,105,Normal,0.0,0.0,14.0,10.0,32.4,56.4,Y
87,10597,N,0.7476635514018691,135677.0833333333,105,High,0.0,0.0,8.0,71.0,38.4,117.4,Y
88,10601,Y,0.5351559010095596,83222.0367278798,106,Normal,284.0,144.2,330.0,435.0,249.6,1014.6,Y
89,10603,Y,0.5213368678205728,80059.82053838484,106,Normal,338.0,34.8,1155.0,1429.0,470.4,3054.4,Y
90,10604,Y,0.5136028476989576,87458.74587458746,106,Normal,727.0,340.40000000000003,707.0,932.0,661.1999999999999,2300.2,Y
91,10607,Y,0.6135422826729746,90000.0,106,High,345.0,138.39999999999998,334.0,214.0,270.59999999999997,818.5999999999999,Y
92,10707,Y,0.520129297678519,101553.67231638418,107,Normal,357.0,211.2,715.0,624.0,141.0,1480.0,Y
93,10708,Y,0.5023235229032972,109944.93392070485,107,Normal,193.0,67.0,1133.0,1097.0,673.1999999999999,2903.2,Y
94,10710,Y,0.5513621211540672,82270.67407922167,107,Normal,757.0,0.0,1211.0,1091.0,1017.5999999999999,3319.6,Y
95,10803,Y,0.4524580290597004,118323.62728785358,108,Normal,660.0,367.4,656.0,1211.0,838.8,2705.8,Y
96,10910,N,0.5028977550821175,82300.87961987182,109,Normal,0.0,0.0,0.0,0.0,0.0,0.0,Y
97,10911,N,0.5028977550821175,82300.87961987182,109,Normal,0.0,0.0,0.0,0.0,0.0,0.0,Y
98,10915,N,0.5028977550821175,82300.87961987182,109,Normal,0.0,0.0,0.0,0.0,0.0,0.0,Y
99,10916,Y,0.5241844769403825,92274.678111588,109,Normal,8.0,0.0,154.0,243.0,259.2,656.2,Y
100,10918,Y,0.4863396971691902,84708.12182741116,109,Normal,166.0,67.19999999999999,767.0,612.0,429.0,1808.0,Y
101,10921,Y,0.5435801312089972,79525.86206896552,109,Normal,182.0,107.4,222.0,271.0,132.0,625.0,Y
102,10922,N,0.5028977550821175,82300.87961987182,109,Normal,0.0,0.0,176.0,14.0,0.0,190.0,Y
103,10923,Y,0.5903313932771113,69642.85714285714,109,Normal,171.0,76.6,844.0,496.0,466.2,1806.2,Y
104,10924,Y,0.4776226279985678,87706.14692653673,109,Normal,435.0,226.6,730.0,692.0,503.4,1925.4,Y
105,10926,Y,0.4937324123816833,72992.22797927461,109,Normal,40.0,0.0,250.0,218.0,136.79999999999998,604.8,Y
106,10927,Y,0.5070812306690542,48936.59711075442,109,High,619.0,179.2,1057.0,735.0,475.2,2267.2,Y
107,10928,Y,0.4377880184331797,64747.807017543855,109,Normal,101.0,0.0,222.0,369.0,196.79999999999998,787.8,Y
108,10930,Y,0.4183614177803602,85937.5,109,Normal,92.0,44.8,323.0,442.0,545.4,1310.4,Y
109,10931,N,0.5028977550821175,82300.87961987182,109,Normal,0.0,0.0,133.0,80.0,57.599999999999994,270.6,Y
110,10932,N,0.5028977550821175,82300.87961987182,109,Normal,0.0,0.0,0.0,0.0,0.0,0.0,Y
111,10933,N,0.5028977550821175,82300.87961987182,109,Normal,0.0,0.0,42.0,30.0,55.199999999999996,127.19999999999999,Y
112,10953,N,0.5028977550821175,82300.87961987182,109,Normal,0.0,0.0,0.0,0.0,0.0,0.0,Y
113,10958,N,0.5641025641025641,78560.60606060605,109,Normal,0.0,0.0,92.0,141.0,122.39999999999999,355.4,Y
114,10960,Y,0.5336802137533398,86907.11462450594,109,Normal,460.0,186.4,618.0,724.0,426.0,1768.0,Y
115,10962,Y,0.5229268292682927,96595.14925373136,109,Normal,16.0,0.0,180.0,317.0,121.19999999999999,618.2,Y
116,10969,N,0.6606606606606606,78409.09090909091,109,High,0.0,0.0,102.0,122.0,31.2,255.2,Y
117,10974,Y,0.5247376311844077,84500.0,109,Normal,48.0,0.0,208.0,74.0,173.4,455.4,Y
118,10975,N,0.6504065040650406,63281.25,109,High,0.0,0.0,0.0,76.0,0.0,76.0,Y
119,10976,N,0.4134241245136186,77205.88235294117,109,Normal,0.0,0.0,25.0,93.0,61.8,179.8,Y
120,10979,N,0.5028977550821175,82300.87961987182,109,Normal,0.0,0.0,0.0,0.0,0.0,0.0,Y
121,10984,Y,0.4417018512504059,86029.41176470589,109,Normal,143.0,0.0,298.0,225.0,44.4,567.4,Y
122,10985,N,0.99,76666.66666666667,109,High,0.0,0.0,6.0,0.0,0.0,6.0,Y
123,10986,N,0.6278613472858077,87239.58333333333,109,High,0.0,0.0,44.0,70.0,42.0,156.0,Y
124,10987,Y,0.5381990023628249,90975.60975609756,109,Normal,40.0,0.0,155.0,118.0,138.6,411.6,Y
125,10988,N,0.5028977550821175,82300.87961987182,109,Normal,0.0,0.0,66.0,47.0,29.4,142.4,Y
126,10989,Y,0.561784764767079,95961.9341563786,109,Normal,261.0,72.39999999999999,284.0,349.0,251.39999999999998,884.4,Y
127,10992,Y,0.4803578374173473,82287.44939271254,109,Normal,360.0,154.6,584.0,626.0,446.4,1656.4,Y
128,10996,N,0.1988725336673974,79921.25984251969,109,Normal,0.0,0.0,533.0,579.0,279.0,1391.0,Y
129,10998,Y,0.4763246899661781,89644.97041420118,109,Normal,43.0,25.8,258.0,212.0,171.6,641.6,Y
130,11001,Y,0.5547478766546791,87465.51724137932,110,Normal,537.0,143.2,1121.0,1719.0,1017.5999999999999,3857.6,Y
131,11004,Y,0.4330658514838874,76746.32352941176,110,Normal,427.0,0.0,894.0,480.0,606.0,1980.0,Y
132,11005,N,0.671264367816092,121318.49315068494,110,High,0.0,0.0,0.0,0.0,0.0,0.0,Y
133,11010,Y,0.5052230981321114,83041.89085318986,110,Normal,282.0,0.0,1458.0,1561.0,857.4,3876.4,Y
134,11020,Y,0.5093572009764036,100918.5303514377,110,Normal,142.0,45.599999999999994,182.0,243.0,343.2,768.2,Y
135,11021,Y,0.4846353768536921,105467.92849631966,110,Normal,202.0,161.2,937.0,1041.0,691.1999999999999,2669.2,Y
136,11023,Y,0.4423136405815032,103758.74125874128,110,Normal,355.0,171.4,753.0,1127.0,546.6,2426.6,Y
137,11024,Y,0.3701263042284459,98961.4243323442,110,Normal,552.0,225.2,855.0,895.0,445.2,2195.2,Y
138,11030,Y,0.5248136067101584,124556.0488346282,110,Normal,689.0,207.0,718.0,1285.0,864.6,2867.6,Y
139,11040,Y,0.5327479829140959,93346.32516703788,110,Normal,1220.0,507.99999999999994,1947.0,2167.0,1384.2,5498.2,Y
140,11050,Y,0.4783834586466165,104821.54551407987,110,Normal,1928.0,682.3999999999999,1928.0,2417.0,1450.2,5795.2,Y
141,11096,Y,0.4337827950245636,48554.21686746989,110,High,349.0,129.79999999999998,892.0,757.0,369.59999999999997,2018.6,Y
142,11101,Y,0.7491467078969631,91603.38785046728,111,High,1616.0,3.5999999999999996,2111.0,1329.0,674.4,4114.4,Y
143,11103,Y,0.570614640883978,63495.96570852244,111,Normal,524.0,0.0,1502.0,906.0,682.1999999999999,3090.2,Y
144,11105,Y,0.494375064506141,68860.90814196243,111,Normal,830.0,13.2,2103.0,1638.0,947.4,4688.4,Y
145,11109,Y,0.4807692307692308,133892.85714285713,111,Normal,89.0,0.0,878.0,508.0,24.599999999999998,1410.6,Y
146,11201,Y,0.5013260698157839,117507.86388332857,112,Normal,1957.0,0.0,4950.0,3421.0,1590.0,9961.0,Y
147,11203,Y,0.4558887218811301,50698.51913942442,112,High,3405.0,0.0,4037.0,3832.0,2480.4,10349.4,Y
148,11204,Y,0.4242010549177785,51748.09830310123,112,High,3192.0,0.0,7209.0,6869.0,3944.3999999999996,18022.4,Y
149,11205,Y,0.3720264711142908,72222.22222222222,112,Normal,918.0,0.0,4751.0,4366.0,2418.6,11535.6,Y
150,11206,Y,0.4193487420649479,51560.84305408271,112,High,3393.0,0.0,7202.0,6512.0,4224.0,17938.0,Y
151,11209,Y,0.4763827772517128,74627.30195849166,112,Normal,1423.0,0.0,4186.0,3739.0,2110.7999999999997,10035.8,Y
152,11212,Y,0.4430635906959027,39632.59000537345,112,High,5430.0,0.0,5889.0,5470.0,3288.0,14647.0,Y
153,11213,Y,0.4152984912701971,49651.68930686173,112,High,2191.0,9.0,4835.0,4386.0,2608.2,11829.2,Y
154,11214,Y,0.462905854883475,51150.96359743041,112,High,2498.0,0.0,5230.0,5176.0,3549.6,13955.6,Y
155,11215,Y,0.4547726830893993,107133.58778625954,112,Normal,3125.0,0.0,5712.0,4381.0,2532.6,12625.6,Y
156,11216,Y,0.4627002068202587,65817.74081774082,112,Normal,1778.0,0.0,3107.0,2829.0,1480.8,7416.8,Y
157,11217,Y,0.4818213497502613,102531.34040501446,112,Normal,1183.0,0.0,3694.0,1617.0,955.8,6266.8,Y
158,11218,Y,0.450639679205652,65583.38377723971,112,Normal,3087.0,0.0,4931.0,5473.0,3384.6,13788.6,Y
159,11220,Y,0.5679081369344573,37017.22832260508,112,High,2411.0,0.0,5782.0,7321.0,4301.4,17404.4,Y
160,11221,Y,0.4477399272217107,53503.67197062424,112,High,3111.0,0.0,4616.0,4278.0,2663.4,11557.4,Y
161,11222,Y,0.5795151605750305,89192.82029234737,112,Normal,672.0,0.0,2443.0,1447.0,475.79999999999995,4365.8,Y
162,11223,Y,0.4192827630971253,55444.3286692468,112,High,1448.0,0.0,6642.0,6199.0,3166.7999999999997,16007.8,Y
163,11228,Y,0.4751561227260386,60916.66666666667,112,Normal,1293.0,0.0,2279.0,2467.0,1248.0,5994.0,Y
164,11229,Y,0.4655463635354893,63066.07521186441,112,Normal,1840.0,0.0,4778.0,4956.0,3339.0,13073.0,Y
165,11230,Y,0.4063383012909302,61947.777474775015,112,Normal,824.0,0.0,7918.0,6037.0,4142.4,18097.4,Y
166,11231,Y,0.4365293981302635,99623.89380530972,112,Normal,1462.0,0.0,3167.0,2715.0,1194.0,7076.0,Y
167,11238,Y,0.5390459455269007,91554.80984340044,112,Normal,2010.0,0.0,4452.0,2038.0,1464.6,7954.6,Y
168,11239,Y,0.4854831032841504,46691.17647058824,112,High,802.0,0.0,487.0,843.0,637.8,1967.8,Y
169,11355,Y,0.6658280394993396,36375.87379557906,113,High,3453.0,0.0,3814.0,3419.0,2166.0,9399.0,Y
170,11359,N,0.5056695977140631,61835.89124042369,113,Normal,0.0,0.0,0.0,0.0,0.0,0.0,Y
171,11360,Y,0.5198032354581875,88817.0731707317,113,Normal,485.0,0.0,859.0,607.0,470.4,1936.4,Y
172,11362,Y,0.4938673613372408,80604.3956043956,113,Normal,349.0,0.0,626.0,806.0,429.0,1861.0,Y
173,11363,Y,0.4738628649015614,89290.83094555873,113,Normal,226.0,9.0,334.0,610.0,225.0,1169.0,Y
174,11365,Y,0.4822936412200586,59569.00401965163,113,High,1326.0,0.0,2904.0,2215.0,2043.6,7162.6,Y
175,11366,Y,0.5124826121970861,69285.71428571429,113,Normal,587.0,0.0,832.0,594.0,452.4,1878.4,Y
176,11371,N,0.5056695977140631,61835.89124042369,113,Normal,0.0,0.0,0.0,0.0,0.0,0.0,Y
177,11372,Y,0.5135744242623245,55456.262714327226,113,High,1767.0,9.6,3806.0,3812.0,2065.7999999999997,9683.8,Y
178,11377,Y,0.5281856122883061,52190.35698737484,113,High,3046.0,0.0,5206.0,4229.0,2877.0,12312.0,Y
179,11411,Y,0.487130198321534,61994.70644850818,114,Normal,745.0,0.0,922.0,746.0,736.1999999999999,2404.2,Y
180,11414,Y,0.44017910054652,76196.70905011219,114,Normal,828.0,0.0,2164.0,2086.0,898.8,5148.8,Y
181,11415,Y,0.4636967757814423,71841.82590233546,114,Normal,63.0,0.0,1176.0,1040.0,567.6,2783.6,Y
182,11417,Y,0.5,53020.833333333336,114,High,838.0,0.0,2023.0,2163.0,1323.0,5509.0,Y
183,11419,Y,0.5326846307385229,43174.27790788446,114,High,1090.0,0.0,1957.0,2118.0,1552.2,5627.2,Y
184,11424,N,0.47944725448212605,55531.74494939006,114,High,0.0,0.0,0.0,0.0,0.0,0.0,Y
185,11426,Y,0.4814270511326204,70276.31578947368,114,Normal,711.0,0.0,1244.0,750.0,616.1999999999999,2610.2,Y
186,11428,Y,0.5098701033036719,56970.91273821464,114,High,545.0,0.0,975.0,667.0,563.4,2205.4,Y
187,11430,N,0.47944725448212605,55531.74494939006,114,High,0.0,0.0,0.0,0.0,45.0,45.0,Y
188,11432,Y,0.4386319785896558,53037.4246186591,114,High,1639.0,0.0,4178.0,3487.0,2094.6,9759.6,Y
189,11433,Y,0.4464170847806509,44920.7492795389,114,High,2105.0,0.0,2837.0,2222.0,1748.3999999999999,6807.4,Y
190,11435,Y,0.4519604409532863,51125.46125461255,114,High,1759.0,0.0,4837.0,3446.0,1966.1999999999998,10249.2,Y
191,11436,Y,0.4730900744765562,49839.10891089109,114,High,256.0,0.0,912.0,1297.0,770.4,2979.4,Y
192,11439,N,0.47944725448212605,55531.74494939006,114,High,0.0,0.0,0.0,0.0,0.0,0.0,Y
193,11451,N,0.47944725448212605,55531.74494939006,114,High,0.0,0.0,0.0,0.0,0.0,0.0,Y
194,11501,Y,0.5327983577493701,85836.25218914186,115,Normal,933.0,511.8,1036.0,1402.0,522.6,2960.6,Y
195,11507,Y,0.5484460694698354,100000.0,115,Normal,213.0,0.0,255.0,372.0,234.6,861.6,Y
196,11509,N,0.7491082045184304,111706.3492063492,115,High,0.0,0.0,40.0,98.0,67.2,205.2,Y
197,11514,Y,0.503968253968254,89222.44094488189,115,Normal,276.0,105.2,286.0,400.0,313.2,999.2,Y
198,11518,Y,0.5731494074217991,91313.55932203388,115,Normal,472.0,221.6,556.0,498.0,412.2,1466.2,Y
199,11520,Y,0.5564221410107852,59671.60592711253,115,High,2809.0,459.2,2396.0,2322.0,1887.6,6605.6,Y
200,11530,Y,0.5293012372815259,118536.503683858,115,Normal,671.0,180.2,1348.0,2180.0,1153.8,4681.8,Y
201,11547,N,0.512261453069515,91568.4284458211,115,Normal,0.0,0.0,0.0,16.0,44.4,60.4,Y
202,11549,N,0.512261453069515,91568.4284458211,115,Normal,0.0,0.0,2.0,0.0,0.0,2.0,Y
203,11554,Y,0.5434664640764054,86064.6530204693,115,Normal,962.0,297.20000000000005,2192.0,1994.0,1342.2,5528.2,Y
204,11557,Y,0.4933655006031363,101589.24205378973,115,Normal,390.0,120.2,448.0,585.0,310.2,1343.2,Y
205,11560,Y,0.4784892801363055,102707.71513353116,115,Normal,117.0,53.0,363.0,352.0,361.8,1076.8,Y
206,11561,Y,0.5026448200232229,93640.9137577002,115,Normal,654.0,268.2,1651.0,1422.0,843.6,3916.6,Y
207,11565,Y,0.5336735826029069,103404.36590436591,115,Normal,323.0,130.0,644.0,357.0,318.0,1319.0,Y
208,11569,N,0.512261453069515,91568.4284458211,115,Normal,0.0,0.0,0.0,18.0,27.599999999999998,45.599999999999994,Y
209,11570,Y,0.509518080815229,105026.04166666666,115,Normal,653.0,357.59999999999997,1520.0,1729.0,1111.8,4360.8,Y
210,11572,Y,0.5440405860952572,94654.90797546013,115,Normal,1147.0,581.1999999999999,1340.0,1651.0,1204.2,4195.2,Y
211,11575,Y,0.5135587896555335,48674.82161060143,115,High,1386.0,227.2,1720.0,1414.0,680.4,3814.4,Y
212,11577,Y,0.5016533591418663,106933.27974276528,115,Normal,667.0,339.0,437.0,851.0,764.4,2052.4,Y
213,11579,Y,0.5057289608850257,108300.78125,115,Normal,140.0,12.0,316.0,582.0,163.2,1061.2,Y
214,11580,Y,0.5380680247027376,73163.81156316918,115,Normal,1009.0,207.0,1327.0,1724.0,1486.2,4537.2,Y
215,11596,Y,0.532319391634981,100491.07142857143,115,Normal,253.0,110.8,568.0,779.0,426.0,1773.0,Y
216,11598,Y,0.4135985135228133,110045.75707154744,115,Normal,392.0,197.4,1098.0,1634.0,856.1999999999999,3588.2,Y
217,11692,Y,0.369752684672958,50110.01100110011,116,High,963.0,0.0,1708.0,1985.0,1459.8,5152.8,Y
218,11693,Y,0.4300044254314795,61620.92624356775,116,Normal,328.0,0.0,681.0,663.0,520.1999999999999,1864.1999999999998,Y
219,11694,Y,0.4071048283458784,84441.93912063134,116,Normal,752.0,0.0,1366.0,1299.0,965.4,3630.4,Y
220,11697,N,0.6183476938672073,100870.90163934426,116,High,0.0,0.0,230.0,257.0,72.6,559.6,Y
221,11702,Y,0.5561093705497009,98351.47247119078,117,Normal,373.0,131.0,791.0,657.0,313.8,1761.8,Y
222,11704,Y,0.5428521117903051,71373.95736793327,117,Normal,972.0,142.2,1816.0,1769.0,1353.0,4938.0,Y
223,11706,Y,0.5266133838653972,62169.90713871155,117,Normal,2408.0,586.1999999999999,4057.0,4504.0,2796.6,11357.6,Y
224,11709,Y,0.5530090196658288,93114.97326203209,117,Normal,52.0,0.0,184.0,340.0,204.6,728.6,Y
225,11715,Y,0.6339144215530903,100052.08333333334,117,High,40.0,0.0,122.0,291.0,116.39999999999999,529.4,Y
226,11718,N,0.5469977994341402,112212.64367816094,117,Normal,0.0,0.0,136.0,245.0,202.79999999999998,583.8,Y
227,11719,Y,0.4631997726626882,90184.0490797546,117,Normal,122.0,60.599999999999994,190.0,193.0,150.0,533.0,Y
228,11720,Y,0.5230705991162264,78700.06548788474,117,Normal,483.0,90.4,1594.0,1127.0,1312.2,4033.2,Y
229,11721,Y,0.5236717917491247,110901.16279069768,117,Normal,188.0,102.0,331.0,216.0,192.6,739.6,Y
230,11724,Y,0.5880306193458594,121079.88165680472,117,Normal,128.0,60.599999999999994,241.0,278.0,106.8,625.8,Y
231,11729,Y,0.5994437763078774,72742.94670846395,117,Normal,521.0,122.6,1226.0,1042.0,1072.8,3340.8,Y
232,11730,Y,0.5597120271033315,91819.0416141236,117,Normal,95.0,69.8,687.0,762.0,389.4,1838.4,Y
233,11731,Y,0.5235397538581754,94574.00497512438,117,Normal,577.0,323.8,1908.0,1900.0,968.4,4776.4,Y
234,11732,N,0.5386350817822899,103730.3664921466,117,Normal,0.0,0.0,108.0,202.0,165.0,475.0,Y
235,11733,Y,0.5195330559408229,107341.49054505004,117,Normal,696.0,440.0,763.0,987.0,741.6,2491.6,Y
236,11738,Y,0.4388105792698112,76660.04540295119,117,Normal,477.0,212.0,1466.0,1069.0,749.4,3284.4,Y
237,11740,Y,0.4368755676657584,97479.20997921,117,Normal,272.0,121.8,478.0,773.0,403.2,1654.2,Y
238,11741,Y,0.5309061957151129,84909.67961826858,117,Normal,600.0,168.20000000000002,1605.0,1629.0,1036.8,4270.8,Y
239,11742,Y,0.5197798929208804,82993.56223175966,117,Normal,481.0,184.6,828.0,865.0,372.59999999999997,2065.6,Y
240,11743,Y,0.5484875552229438,103036.97183098592,117,Normal,1758.0,890.8,1502.0,2173.0,1737.0,5412.0,Y
241,11751,Y,0.5918080142211688,85309.76220275344,117,Normal,257.0,61.199999999999996,677.0,602.0,364.8,1643.8,Y
242,11753,Y,0.492855505463437,112131.78294573644,117,Normal,289.0,65.8,594.0,977.0,678.6,2249.6,Y
243,11754,Y,0.5371385166295914,92297.9797979798,117,Normal,540.0,258.79999999999995,1023.0,1204.0,450.0,2677.0,Y
244,11755,Y,0.528338922057741,86842.1052631579,117,Normal,293.0,0.0,462.0,733.0,654.0,1849.0,Y
245,11763,Y,0.5210818074920208,71437.78207607995,117,Normal,939.0,463.99999999999994,1316.0,2141.0,1069.2,4526.2,Y
246,11764,Y,0.5113681063645661,97788.46153846152,117,Normal,558.0,235.79999999999998,429.0,716.0,567.6,1712.6,Y
247,11766,Y,0.5663994423143952,99173.07692307692,117,Normal,317.0,189.4,478.0,733.0,507.0,1718.0,Y
248,11767,Y,0.5154212378389568,94879.51807228915,117,Normal,208.0,99.0,642.0,973.0,498.59999999999997,2113.6,Y
249,11769,Y,0.5594097566347318,93971.4566929134,117,Normal,157.0,107.19999999999999,337.0,337.0,239.39999999999998,913.4,Y
250,11770,N,0.533121115076893,88937.66720682273,117,Normal,0.0,0.0,0.0,6.0,6.6,12.6,Y
251,11771,Y,0.520460866110449,101956.106870229,117,Normal,220.0,52.4,881.0,494.0,229.2,1604.2,Y
252,11772,Y,0.516043665233212,71971.15384615384,117,Normal,954.0,492.0,2473.0,2274.0,1473.0,6220.0,Y
253,11778,Y,0.5289692701664532,79538.57791225417,117,Normal,305.0,99.0,887.0,684.0,588.6,2159.6,Y
254,11779,Y,0.5293113261240752,76973.36265884654,117,Normal,1776.0,847.0,2081.0,2054.0,1422.0,5557.0,Y
255,11780,Y,0.5301914580265096,100317.02898550723,117,Normal,172.0,27.8,549.0,758.0,647.4,1954.4,Y
256,11782,Y,0.5544895123403693,97106.20525059666,117,Normal,399.0,60.0,796.0,1103.0,572.4,2471.4,Y
257,11783,Y,0.5233619273590071,97231.90932868353,117,Normal,601.0,243.39999999999998,911.0,1281.0,714.0,2906.0,Y
258,11784,Y,0.5168141592920354,70300.6088280061,117,Normal,461.0,78.6,1677.0,1393.0,930.5999999999999,4000.6,Y
259,11786,Y,0.507699344412258,96996.996996997,117,Normal,173.0,68.19999999999999,228.0,435.0,386.4,1049.4,Y
260,11788,Y,0.5188928718340483,94110.9852774632,117,Normal,698.0,425.0,1049.0,786.0,487.2,2322.2,Y
261,11789,N,0.5380683346785041,80000.0,117,Normal,0.0,0.0,194.0,603.0,289.8,1086.8,Y
262,11790,Y,0.3640701172077585,98005.698005698,117,Normal,296.0,211.2,682.0,710.0,390.59999999999997,1782.6,Y
263,11791,Y,0.4904217549061683,110700.07955449482,117,Normal,1488.0,769.5999999999999,1063.0,2228.0,1411.2,4702.2,Y
264,11792,Y,0.5165794066317626,97381.75675675676,117,Normal,267.0,105.0,411.0,542.0,223.79999999999998,1176.8,Y
265,11793,Y,0.5511096711485501,98794.82657260436,117,Normal,826.0,390.8,1568.0,1929.0,1252.2,4749.2,Y
266,11795,Y,0.5153996101364522,95215.58245083208,117,Normal,706.0,365.6,1409.0,1209.0,912.0,3530.0,Y
267,11796,Y,0.4996096799375488,92317.70833333334,117,Normal,55.0,0.0,214.0,180.0,139.79999999999998,533.8,Y
268,11801,Y,0.5587723687659352,72526.65245202558,118,Normal,1427.0,483.79999999999995,1580.0,2066.0,1428.0,5074.0,Y
269,11804,N,0.5671843349088453,110267.85714285712,118,Normal,0.0,0.0,294.0,357.0,198.6,849.6,Y
270,11930,N,0.5333775157042204,84580.33579974376,119,Normal,0.0,0.0,18.0,18.0,18.0,54.0,Y
271,11932,Y,0.5333775157042204,84580.33579974376,119,Normal,16.0,9.6,0.0,133.0,36.0,169.0,Y
272,11933,Y,0.5433691756272402,76187.33509234828,119,Normal,125.0,0.0,273.0,255.0,248.39999999999998,776.4,Y
273,11934,Y,0.5592697351504242,87873.5632183908,119,Normal,278.0,102.19999999999999,532.0,600.0,300.0,1432.0,Y
274,11935,Y,0.6919564453811029,99111.67512690356,119,High,78.0,33.6,43.0,186.0,62.4,291.4,Y
275,11937,Y,0.4681558935361217,88515.22842639594,119,Normal,623.0,101.80000000000001,1328.0,1107.0,664.1999999999999,3099.2,Y
276,11939,N,0.3708439897698209,94612.06896551725,119,Normal,0.0,0.0,37.0,25.0,24.0,86.0,Y
277,11940,Y,0.5346027096301721,90025.68493150684,119,Normal,151.0,0.0,268.0,333.0,247.2,848.2,Y
278,11941,Y,0.5816285599679102,94310.3448275862,119,Normal,16.0,0.0,119.0,174.0,64.2,357.2,Y
279,11942,N,0.4928825622775801,88628.15884476533,119,Normal,0.0,0.0,193.0,111.0,245.39999999999998,549.4,Y
280,11944,N,0.4980204209210252,79393.30543933055,119,Normal,0.0,0.0,84.0,151.0,153.6,388.6,Y
281,11946,Y,0.4669749386310441,72249.38875305624,119,Normal,113.0,26.4,940.0,602.0,649.1999999999999,2191.2,Y
282,11947,N,0.5333775157042204,84580.33579974376,119,Normal,0.0,0.0,0.0,0.0,0.0,0.0,Y
283,11949,Y,0.5904198878278005,85349.80744544289,119,Normal,129.0,72.6,575.0,354.0,639.0,1568.0,Y
284,11951,Y,0.4576123989578462,57116.78832116789,119,High,187.0,64.2,1224.0,952.0,809.4,2985.4,Y
285,11952,N,0.4951252150640413,90588.80308880308,119,Normal,0.0,0.0,147.0,120.0,214.2,481.2,Y
286,11954,Y,0.6200832947709394,82229.4776119403,119,High,59.0,47.8,255.0,220.0,121.19999999999999,596.2,Y
287,11956,N,0.5333775157042204,84580.33579974376,119,Normal,0.0,0.0,13.0,0.0,4.2,17.2,Y
288,11957,N,0.3852459016393442,107180.8510638298,119,Normal,0.0,0.0,0.0,0.0,0.0,0.0,Y
289,11958,N,0.5375139977603584,83854.16666666667,119,Normal,0.0,0.0,38.0,69.0,31.2,138.2,Y
290,11959,Y,0.5333775157042204,84580.33579974376,119,Normal,26.0,20.4,42.0,35.0,20.4,97.4,Y
291,11961,Y,0.5591954898674387,75357.62942779291,119,Normal,98.0,0.0,416.0,576.0,541.1999999999999,1533.1999999999998,Y
292,11963,Y,0.4961515689757252,99940.33412887828,119,Normal,108.0,0.0,326.0,663.0,230.39999999999998,1219.4,Y
293,11964,N,0.5333775157042204,84580.33579974376,119,Normal,0.0,0.0,379.0,122.0,111.6,612.6,Y
294,11965,N,0.5333775157042204,84580.33579974376,119,Normal,0.0,0.0,0.0,0.0,0.0,0.0,Y
295,11967,Y,0.513030528667163,65339.25979680697,119,Normal,515.0,69.6,1259.0,1794.0,1055.3999999999999,4108.4,Y
296,11968,Y,0.4396975702855465,93614.3572621035,119,Normal,223.0,157.8,536.0,668.0,495.59999999999997,1699.6,Y
297,11970,N,0.5333775157042204,84580.33579974376,119,Normal,0.0,0.0,0.0,0.0,0.0,0.0,Y
298,11971,Y,0.5074769328666878,93495.29780564262,119,Normal,172.0,79.2,365.0,494.0,306.59999999999997,1165.6,Y
299,11972,N,0.5333775157042204,84580.33579974376,119,Normal,0.0,0.0,0.0,23.0,42.0,65.0,Y
300,11976,N,0.5211325400082069,112204.7244094488,119,Normal,0.0,0.0,102.0,60.0,47.4,209.4,Y
301,11977,Y,0.4789833822091887,95238.09523809524,119,Normal,121.0,101.0,180.0,218.0,81.6,479.6,Y
302,12007,N,0.5143909994119835,71657.95426173076,120,Normal,0.0,0.0,0.0,76.0,6.0,82.0,Y
303,12008,N,0.6088992974238876,78846.15384615384,120,High,0.0,0.0,43.0,0.0,37.8,80.8,Y
304,12009,Y,0.4806536890170632,86375.0,120,Normal,88.0,0.0,420.0,508.0,301.8,1229.8,Y
305,12010,Y,0.5012310292874729,56250.00000000001,120,High,1069.0,417.79999999999995,1517.0,1763.0,1028.3999999999999,4308.4,Y
306,12015,N,0.4135429262394196,81140.35087719298,120,Normal,0.0,0.0,126.0,204.0,143.4,473.4,Y
307,12017,N,0.4057279236276849,76470.58823529413,120,Normal,0.0,0.0,0.0,17.0,2.4,19.4,Y
308,12018,Y,0.5493150684931507,83821.6957605985,120,Normal,68.0,0.0,477.0,419.0,211.2,1107.2,Y
309,12019,Y,0.5530104712041884,93461.53846153848,120,Normal,244.0,0.0,602.0,917.0,578.4,2097.4,Y
310,12020,Y,0.5192213126609008,77806.40668523677,120,Normal,1335.0,598.0,1087.0,2374.0,1212.6,4673.6,Y
311,12022,Y,0.394990366088632,64329.26829268293,120,Normal,20.0,0.0,48.0,124.0,21.599999999999998,193.6,Y
312,12023,N,0.4338668913226621,72815.53398058254,120,Normal,0.0,0.0,144.0,162.0,92.39999999999999,398.4,Y
313,12024,N,0.5143909994119835,71657.95426173076,120,Normal,0.0,0.0,0.0,2.0,0.0,2.0,Y
314,12025,N,0.526615969581749,68050.54151624549,120,Normal,0.0,0.0,276.0,231.0,64.2,571.2,Y
315,12027,Y,0.4877474081055608,92149.75845410628,120,Normal,133.0,83.2,247.0,130.0,289.2,666.2,Y
316,12028,Y,0.5268022181146026,67105.26315789473,120,Normal,16.0,0.0,56.0,132.0,33.0,221.0,Y
317,12029,N,0.5650857719475277,88392.85714285713,120,Normal,0.0,0.0,10.0,25.0,19.2,54.2,Y
318,12031,N,0.5143909994119835,71657.95426173076,120,Normal,0.0,0.0,25.0,3.0,0.0,28.0,Y
319,12032,N,0.6648575305291723,67857.14285714286,120,High,0.0,0.0,22.0,27.0,3.0,52.0,Y
320,12035,N,0.7851239669421488,56907.89473684211,120,High,0.0,0.0,0.0,30.0,18.0,48.0,Y
321,12036,N,0.4545454545454545,57500.0,120,High,0.0,0.0,32.0,16.0,2.4,50.4,Y
322,12037,Y,0.4530982120989468,68581.08108108108,120,Normal,68.0,0.0,228.0,152.0,144.0,524.0,Y
323,12040,N,0.5143909994119835,71657.95426173076,120,Normal,0.0,0.0,0.0,0.0,0.0,0.0,Y
324,12041,N,0.7836990595611285,75000.0,120,High,0.0,0.0,0.0,0.0,5.3999999999999995,5.3999999999999995,Y
325,12042,N,0.7070707070707071,64880.95238095238,120,High,0.0,0.0,0.0,0.0,18.599999999999998,18.599999999999998,Y
326,12045,Y,0.5143909994119835,71657.95426173076,120,Normal,20.0,0.0,33.0,40.0,15.0,88.0,Y
327,12046,N,0.674373795761079,73214.28571428571,120,High,0.0,0.0,28.0,53.0,0.0,81.0,Y
328,12047,Y,0.4846949727385909,65744.02125775022,120,Normal,565.0,214.0,1174.0,1810.0,872.4,3856.4,Y
329,12051,Y,0.2892561983471074,68071.42857142857,120,Normal,52.0,13.2,262.0,155.0,154.2,571.2,Y
330,12052,N,0.4002026342451874,77689.87341772151,120,Normal,0.0,0.0,128.0,49.0,61.199999999999996,238.2,Y
331,12053,Y,0.5196332000940512,81278.28054298642,120,Normal,124.0,36.8,125.0,205.0,185.4,515.4,Y
332,12057,Y,0.4106159238858287,63414.63414634147,120,Normal,16.0,0.0,133.0,75.0,36.6,244.6,Y
333,12058,N,0.6018916595012898,62500.0,120,High,0.0,0.0,0.0,15.0,67.2,82.2,Y
334,12059,N,0.5645730416372619,80312.5,120,Normal,0.0,0.0,20.0,57.0,67.2,144.2,Y
335,12060,N,0.3861003861003861,87142.85714285713,120,Normal,0.0,0.0,20.0,53.0,61.199999999999996,134.2,Y
336,12062,N,0.5174488567990373,74127.90697674418,120,Normal,0.0,0.0,56.0,32.0,49.199999999999996,137.2,Y
337,12063,N,0.4597701149425287,85714.28571428571,120,Normal,0.0,0.0,26.0,0.0,21.599999999999998,47.599999999999994,Y
338,12064,N,0.8661417322834646,50000.0,120,High,0.0,0.0,15.0,0.0,4.2,19.2,Y
339,12066,N,0.5288985823336968,69329.8969072165,120,Normal,0.0,0.0,151.0,101.0,42.6,294.6,Y
340,12067,Y,0.5078929306794784,75844.5945945946,120,Normal,16.0,0.0,52.0,93.0,78.0,223.0,Y
341,12069,N,0.5143909994119835,71657.95426173076,120,Normal,0.0,0.0,25.0,25.0,0.0,50.0,Y
342,12070,N,0.276110444177671,68297.10144927536,120,Normal,0.0,0.0,43.0,43.0,108.6,194.6,Y
343,12071,N,0.6451612903225806,42857.142857142855,120,High,0.0,0.0,14.0,10.0,7.8,31.8,Y
344,12072,N,0.427807486631016,64648.4375,120,Normal,0.0,0.0,224.0,246.0,115.8,585.8,Y
345,12075,N,0.5128205128205128,79243.82716049382,120,Normal,0.0,0.0,72.0,113.0,45.0,230.0,Y
346,12076,N,0.4799370574350904,65778.68852459016,120,Normal,0.0,0.0,33.0,51.0,49.8,133.8,Y
347,12077,Y,0.5168838862559242,94878.223495702,120,Normal,172.0,66.6,549.0,344.0,168.6,1061.6,Y
348,12078,Y,0.432509505703422,52572.427572427565,120,High,656.0,152.4,1200.0,1310.0,966.5999999999999,3476.6,Y
349,12082,N,0.5143909994119835,71657.95426173076,120,Normal,0.0,0.0,0.0,0.0,0.0,0.0,Y
350,12083,Y,0.4974358974358974,70489.69072164949,120,Normal,139.0,28.799999999999997,167.0,271.0,229.2,667.2,Y
351,12084,Y,0.4714933912014204,77405.85774058578,120,Normal,140.0,0.0,287.0,359.0,186.0,832.0,Y
352,12087,N,0.4925723221266614,67857.14285714286,120,Normal,0.0,0.0,51.0,20.0,61.199999999999996,132.2,Y
353,12090,Y,0.4773434797647872,60552.536231884056,120,Normal,76.0,52.0,454.0,450.0,220.79999999999998,1124.8,Y
354,12092,N,0.3491271820448878,61160.71428571429,120,Normal,0.0,0.0,44.0,56.0,69.6,169.6,Y
355,12093,Y,0.5270758122743683,59760.27397260274,120,High,16.0,0.0,53.0,18.0,37.8,108.8,Y
356,12094,N,0.4185351270553064,69084.82142857142,120,Normal,0.0,0.0,80.0,249.0,66.6,395.6,Y
357,12106,N,0.5895900506678949,80664.0625,121,Normal,0.0,0.0,58.0,83.0,70.8,211.8,Y
358,12108,N,0.5392156862745098,65340.90909090909,121,Normal,0.0,0.0,10.0,4.0,6.0,20.0,Y
359,12115,N,0.5367420904425376,71468.42125856629,121,Normal,0.0,0.0,0.0,0.0,0.0,0.0,Y
360,12116,Y,0.5921539600296077,60156.25,121,Normal,8.0,0.0,54.0,77.0,64.8,195.8,Y
361,12117,Y,0.5486008836524301,63087.24832214764,121,Normal,23.0,9.0,128.0,80.0,82.8,290.8,Y
362,12120,Y,0.4251968503937008,65277.77777777777,121,Normal,8.0,0.0,36.0,29.0,12.6,77.6,Y
363,12121,N,0.4028837998303647,78026.3157894737,121,Normal,0.0,0.0,121.0,97.0,103.8,321.8,Y
364,12123,Y,0.534629404617254,74100.37878787878,121,Normal,160.0,54.8,346.0,238.0,145.79999999999998,729.8,Y
365,12125,N,0.7051282051282052,61363.63636363637,121,High,0.0,0.0,48.0,31.0,30.599999999999998,109.6,Y
366,12130,N,0.99,66037.73584905661,121,High,0.0,0.0,8.0,23.0,75.0,106.0,Y
367,12131,N,0.5367420904425376,71468.42125856629,121,Normal,0.0,0.0,17.0,11.0,6.0,34.0,Y
368,12132,N,0.5367420904425376,71468.42125856629,121,Normal,0.0,0.0,13.0,0.0,6.6,19.6,Y
369,12134,Y,0.4321561338289962,67809.13978494624,121,Normal,80.0,0.0,178.0,202.0,122.39999999999999,502.4,Y
370,12137,Y,0.4373464373464373,73174.1573033708,121,Normal,8.0,0.0,82.0,109.0,122.39999999999999,313.4,Y
371,12138,Y,0.4962354551676933,66637.93103448275,121,Normal,16.0,0.0,116.0,117.0,107.39999999999999,340.4,Y
372,12139,N,0.4545454545454545,70192.30769230769,121,Normal,0.0,0.0,13.0,14.0,3.0,30.0,Y
373,12140,Y,0.623229461756374,83096.59090909091,121,High,52.0,0.0,97.0,26.0,28.799999999999997,151.8,Y
374,12147,N,0.7038834951456311,72413.79310344828,121,High,0.0,0.0,0.0,20.0,11.4,31.4,Y
375,12148,Y,0.565088080530771,100809.71659919027,121,Normal,68.0,0.0,161.0,169.0,157.2,487.2,Y
376,12149,Y,0.4755434782608695,56071.42857142857,121,High,40.0,0.0,103.0,117.0,102.0,322.0,Y
377,12150,N,0.7809847198641766,66847.82608695651,121,High,0.0,0.0,67.0,0.0,0.0,67.0,Y
378,12151,Y,0.6084959816303099,88207.54716981133,121,High,8.0,0.0,53.0,26.0,42.6,121.6,Y
379,12153,N,0.6543385490753911,83967.39130434784,121,High,0.0,0.0,5.0,105.0,19.2,129.2,Y
380,12154,Y,0.524822695035461,73817.56756756757,121,Normal,68.0,0.0,98.0,87.0,103.2,288.2,Y
381,12155,Y,0.4519450800915331,55696.20253164557,121,High,68.0,26.4,19.0,87.0,94.2,200.2,Y
382,12156,N,0.5054151624548736,79166.66666666666,121,Normal,0.0,0.0,41.0,19.0,85.2,145.2,Y
383,12159,Y,0.5448458963407595,103389.83050847458,121,Normal,118.0,98.0,316.0,262.0,322.2,900.2,Y
384,12161,N,0.5367420904425376,71468.42125856629,121,Normal,0.0,0.0,9.0,0.0,0.0,9.0,Y
385,12164,N,0.5567010309278351,65277.77777777777,121,Normal,0.0,0.0,7.0,17.0,5.3999999999999995,29.4,Y
386,12165,N,0.99,96022.72727272728,121,High,0.0,0.0,14.0,8.0,0.0,22.0,Y
387,12166,N,0.4451827242524916,55037.31343283582,121,High,0.0,0.0,119.0,36.0,40.199999999999996,195.2,Y
388,12167,Y,0.4515327257663629,57339.4495412844,121,High,16.0,0.0,95.0,63.0,72.0,230.0,Y
389,12168,N,0.5202973127501429,66895.6043956044,121,Normal,0.0,0.0,75.0,73.0,65.39999999999999,213.39999999999998,Y
390,12169,N,0.5013192612137203,71052.63157894736,121,Normal,0.0,0.0,10.0,29.0,53.4,92.4,Y
391,12170,Y,0.4803827751196172,73207.17131474103,121,Normal,159.0,37.199999999999996,334.0,203.0,177.0,714.0,Y
392,12173,N,0.4023552502453386,69207.31707317074,121,Normal,0.0,0.0,90.0,152.0,136.79999999999998,378.79999999999995,Y
393,12174,N,0.5367420904425376,71468.42125856629,121,Normal,0.0,0.0,14.0,16.0,18.599999999999998,48.599999999999994,Y
394,12175,N,0.5285714285714286,62162.16216216217,121,Normal,0.0,0.0,27.0,76.0,34.199999999999996,137.2,Y
395,12176,N,0.3825136612021858,67857.14285714286,121,Normal,0.0,0.0,20.0,4.0,12.0,36.0,Y
396,12177,N,0.5367420904425376,71468.42125856629,121,Normal,0.0,0.0,43.0,0.0,9.0,52.0,Y
397,12183,Y,0.5020215633423181,57634.22818791946,121,High,16.0,0.0,246.0,87.0,66.6,399.6,Y
398,12184,Y,0.4774972557628979,78053.16091954023,121,Normal,230.0,69.6,347.0,437.0,242.39999999999998,1026.4,Y
399,12185,N,0.5434173669467787,73195.8762886598,121,Normal,0.0,0.0,86.0,85.0,38.4,209.4,Y
400,12186,Y,0.5391304347826087,93621.70087976538,121,Normal,225.0,37.0,240.0,277.0,174.6,691.6,Y
401,12187,Y,0.5420827389443652,60197.36842105263,121,Normal,16.0,0.0,21.0,21.0,9.0,51.0,Y
402,12188,Y,0.4993542832544124,73362.06896551725,121,Normal,146.0,58.8,465.0,576.0,417.59999999999997,1458.6,Y
403,12189,Y,0.4929310438221115,61428.57142857143,121,Normal,538.0,171.6,964.0,839.0,906.6,2709.6,Y
404,12190,Y,0.5772230889235569,60472.97297297298,121,Normal,16.0,0.0,41.0,32.0,12.6,85.6,Y
405,12192,N,0.4879679144385027,66952.05479452055,121,Normal,0.0,0.0,0.0,30.0,40.199999999999996,70.19999999999999,Y
406,12193,N,0.6272401433691757,73809.5238095238,121,High,0.0,0.0,74.0,65.0,45.6,184.6,Y
407,12194,N,0.5367420904425376,71468.42125856629,121,Normal,0.0,0.0,2.0,8.0,16.8,26.8,Y
408,12195,N,0.5367420904425376,71468.42125856629,121,Normal,0.0,0.0,0.0,0.0,0.0,0.0,Y
409,12196,Y,0.3869499241274658,85947.71241830065,121,Normal,91.0,18.2,162.0,497.0,177.6,836.6,Y
410,12197,Y,0.5125576627370579,65500.0,121,Normal,40.0,0.0,75.0,53.0,50.4,178.4,Y
411,12198,Y,0.5608391608391609,80112.21945137157,121,Normal,87.0,37.8,236.0,216.0,387.59999999999997,839.5999999999999,Y
412,12202,Y,0.4247422680412371,37166.26213592233,122,High,337.0,32.4,798.0,228.0,351.59999999999997,1377.6,Y
413,12204,Y,0.4617323556370302,64454.094292803966,122,Normal,30.0,0.0,830.0,568.0,251.39999999999998,1649.4,Y
414,12206,Y,0.4448049753261678,40102.58358662614,122,High,1054.0,324.59999999999997,446.0,1013.0,757.1999999999999,2216.2,Y
415,12209,Y,0.4900738467440299,55650.68493150685,122,High,568.0,165.4,837.0,873.0,225.6,1935.6,Y
416,12222,N,0.4642494495704339,60034.66561973117,122,Normal,0.0,0.0,0.0,0.0,0.0,0.0,Y
417,12226,N,0.4642494495704339,60034.66561973117,122,Normal,0.0,0.0,0.0,0.0,0.0,0.0,Y
418,12303,Y,0.514487870619946,67943.68041912247,123,Normal,956.0,322.59999999999997,1262.0,1843.0,1293.0,4398.0,Y
419,12304,Y,0.476233961919547,52301.05465004794,123,High,961.0,463.3999999999999,1310.0,1278.0,767.4,3355.4,Y
420,12306,Y,0.5224445646295295,65381.29744651483,123,Normal,585.0,240.79999999999998,1809.0,1638.0,701.4,4148.4,Y
421,12307,Y,0.3815337657382678,30083.33333333333,123,High,284.0,0.0,553.0,594.0,379.8,1526.8,Y
422,12308,Y,0.4496415396394515,49206.65634674922,123,High,317.0,131.39999999999998,796.0,689.0,286.8,1771.8,Y
423,12404,Y,0.4477225672877847,77456.64739884392,124,Normal,80.0,0.0,198.0,178.0,151.2,527.2,Y
424,12407,N,0.99,44642.857142857145,124,High,0.0,0.0,4.0,6.0,3.5999999999999996,13.6,Y
425,12409,N,0.5845511482254697,87053.57142857143,124,Normal,0.0,0.0,56.0,20.0,34.8,110.8,Y
426,12410,N,0.486322188449848,75781.25,124,Normal,0.0,0.0,0.0,0.0,0.0,0.0,Y
427,12411,N,0.7427055702917772,64285.71428571428,124,High,0.0,0.0,25.0,16.0,4.8,45.8,Y
428,12412,N,0.5772811918063314,68951.61290322582,124,Normal,0.0,0.0,0.0,8.0,22.2,30.2,Y
429,12413,Y,0.4675572519083969,57397.95918367347,124,High,86.0,42.8,75.0,49.0,249.6,373.6,Y
430,12414,Y,0.4769001490312965,62656.25,124,Normal,216.0,0.0,561.0,205.0,234.6,1000.6,Y
431,12416,N,0.5347027616267276,68010.8907661264,124,Normal,0.0,0.0,0.0,0.0,0.0,0.0,Y
432,12417,N,0.5347027616267276,68010.8907661264,124,Normal,0.0,0.0,0.0,0.0,20.4,20.4,Y
433,12418,N,0.8163265306122449,60937.5,124,High,0.0,0.0,29.0,0.0,6.0,35.0,Y
434,12419,Y,0.3859250851305335,79411.76470588235,124,Normal,8.0,0.0,83.0,48.0,20.4,151.4,Y
435,12420,N,0.5347027616267276,68010.8907661264,124,Normal,0.0,0.0,99.0,0.0,0.0,99.0,Y
436,12421,N,0.8928571428571429,89375.0,124,High,0.0,0.0,0.0,13.0,0.0,13.0,Y
437,12422,N,0.3266331658291457,63461.53846153846,124,Normal,0.0,0.0,0.0,0.0,6.6,6.6,Y
438,12423,N,0.4302788844621514,56018.51851851851,124,High,0.0,0.0,9.0,57.0,53.4,119.4,Y
439,12424,N,0.4597701149425287,65625.0,124,Normal,0.0,0.0,0.0,0.0,13.2,13.2,Y
440,12427,N,0.2341463414634146,51041.66666666667,124,High,0.0,0.0,196.0,85.0,13.799999999999999,294.8,Y
441,12429,N,0.5347027616267276,68010.8907661264,124,Normal,0.0,0.0,0.0,0.0,0.0,0.0,Y
442,12430,N,0.3504847129008203,62765.95744680851,124,Normal,0.0,0.0,39.0,55.0,93.0,187.0,Y
443,12431,Y,0.4336043360433604,68593.75,124,Normal,8.0,0.0,107.0,117.0,38.4,262.4,Y
444,12433,N,0.3821656050955414,89062.5,124,Normal,0.0,0.0,59.0,62.0,18.599999999999998,139.6,Y
445,12434,Y,0.3150406504065041,50000.0,124,High,8.0,0.0,85.0,87.0,19.8,191.8,Y
446,12435,N,0.7359307359307359,65441.17647058824,124,High,0.0,0.0,7.0,22.0,8.4,37.4,Y
447,12436,N,0.5347027616267276,68010.8907661264,124,Normal,0.0,0.0,0.0,0.0,5.3999999999999995,5.3999999999999995,Y
448,12438,N,0.5347027616267276,68010.8907661264,124,Normal,0.0,0.0,0.0,0.0,5.3999999999999995,5.3999999999999995,Y
449,12439,N,0.5723905723905723,59558.82352941177,124,High,0.0,0.0,8.0,0.0,4.2,12.2,Y
450,12440,N,0.6831882116543871,79166.66666666667,124,High,0.0,0.0,38.0,60.0,35.4,133.4,Y
451,12441,N,0.5347027616267276,68010.8907661264,124,Normal,0.0,0.0,0.0,0.0,0.0,0.0,Y
452,12442,N,0.7098765432098766,67934.78260869565,124,High,0.0,0.0,30.0,8.0,0.0,38.0,Y
453,12444,N,0.3159851301115242,84558.82352941178,124,Normal,0.0,0.0,0.0,8.0,1.7999999999999998,9.8,Y
454,12446,Y,0.4965263588067021,69804.5267489712,124,Normal,16.0,0.0,270.0,163.0,159.0,592.0,Y
455,12448,N,0.8450704225352113,75000.0,124,High,0.0,0.0,0.0,0.0,0.0,0.0,Y
456,12450,N,0.5347027616267276,68010.8907661264,124,Normal,0.0,0.0,10.0,26.0,0.0,36.0,Y
457,12451,Y,0.8333333333333334,61925.28735632184,124,High,8.0,0.0,64.0,29.0,7.8,100.8,Y
458,12452,N,0.5347027616267276,68010.8907661264,124,Normal,0.0,0.0,0.0,0.0,0.0,0.0,Y
459,12453,N,0.5347027616267276,68010.8907661264,124,Normal,0.0,0.0,0.0,0.0,0.0,0.0,Y
460,12454,N,0.2631578947368421,61458.33333333333,124,Normal,0.0,0.0,36.0,32.0,24.599999999999998,92.6,Y
461,12455,Y,0.430939226519337,65705.1282051282,124,Normal,8.0,0.0,46.0,79.0,112.2,237.2,Y
462,12456,N,0.5357142857142857,53846.15384615384,124,High,0.0,0.0,17.0,17.0,79.2,113.2,Y
463,12457,Y,0.2883865939204988,77027.02702702704,124,Normal,16.0,0.0,99.0,30.0,31.2,160.2,Y
464,12458,N,0.3113396172522136,57683.48623853212,124,High,0.0,0.0,61.0,22.0,77.39999999999999,160.39999999999998,Y
465,12459,N,0.5347027616267276,68010.8907661264,124,Normal,0.0,0.0,0.0,0.0,0.0,0.0,Y
466,12460,N,0.6511627906976745,61607.142857142855,124,High,0.0,0.0,43.0,7.0,3.5999999999999996,53.6,Y
467,12461,Y,0.6272793581327498,77180.23255813953,124,High,16.0,0.0,72.0,16.0,25.8,113.8,Y
468,12463,Y,0.5667412378821775,69243.42105263157,124,Normal,12.0,0.0,22.0,0.0,78.0,100.0,Y
469,12465,N,0.2604166666666667,55000.0,124,High,0.0,0.0,10.0,8.0,0.0,18.0,Y
470,12468,N,0.430188679245283,59649.12280701754,124,High,0.0,0.0,60.0,50.0,15.6,125.6,Y
471,12469,N,0.423412204234122,66544.11764705883,124,Normal,0.0,0.0,24.0,9.0,13.799999999999999,46.8,Y
472,12470,N,0.3084832904884318,59375.0,124,High,0.0,0.0,62.0,34.0,15.0,111.0,Y
473,12471,N,0.5347027616267276,68010.8907661264,124,Normal,0.0,0.0,0.0,0.0,0.0,0.0,Y
474,12472,N,0.7221750212404418,67058.82352941176,124,High,0.0,0.0,24.0,13.0,43.199999999999996,80.19999999999999,Y
475,12473,N,0.7692307692307693,70833.33333333334,124,High,0.0,0.0,0.0,32.0,39.0,71.0,Y
476,12474,N,0.6074766355140186,67067.30769230769,124,High,0.0,0.0,19.0,23.0,16.8,58.8,Y
477,12475,N,0.5347027616267276,68010.8907661264,124,Normal,0.0,0.0,24.0,21.0,12.0,57.0,Y
478,12480,N,0.7716049382716049,59000.0,124,High,0.0,0.0,5.0,20.0,13.2,38.2,Y
479,12481,N,0.4554588077695914,72977.9411764706,124,Normal,0.0,0.0,0.0,23.0,25.2,48.2,Y
480,12482,N,0.6181818181818182,48897.05882352941,124,High,0.0,0.0,0.0,0.0,6.0,6.0,Y
481,12483,N,0.5347027616267276,68010.8907661264,124,Normal,0.0,0.0,0.0,0.0,8.4,8.4,Y
482,12484,Y,0.4358138155944263,83843.53741496598,124,Normal,87.0,64.19999999999999,127.0,314.0,55.199999999999996,496.2,Y
483,12485,Y,0.5752212389380531,64663.46153846154,124,Normal,29.0,25.0,46.0,129.0,68.39999999999999,243.39999999999998,Y
484,12486,N,0.4488636363636363,77373.41772151898,124,Normal,0.0,0.0,45.0,193.0,17.4,255.4,Y
485,12487,N,0.3837357052096569,68791.39072847682,124,Normal,0.0,0.0,102.0,172.0,138.0,412.0,Y
486,12489,N,0.5347027616267276,68010.8907661264,124,Normal,0.0,0.0,0.0,0.0,0.0,0.0,Y
487,12490,N,0.5347027616267276,68010.8907661264,124,Normal,0.0,0.0,0.0,0.0,0.0,0.0,Y
488,12491,N,0.5002428363283147,75000.0,124,Normal,0.0,0.0,128.0,100.0,68.39999999999999,296.4,Y
489,12492,N,0.7182320441988951,72115.38461538462,124,High,0.0,0.0,7.0,0.0,0.0,7.0,Y
490,12493,N,0.5347027616267276,68010.8907661264,124,Normal,0.0,0.0,0.0,0.0,2.4,2.4,Y
491,12494,N,0.3815028901734104,82196.9696969697,124,Normal,0.0,0.0,32.0,17.0,28.799999999999997,77.8,Y
492,12495,N,0.99,94166.66666666669,124,High,0.0,0.0,0.0,0.0,0.0,0.0,Y
493,12496,N,0.5339435545385202,73392.85714285714,124,Normal,0.0,0.0,34.0,51.0,45.6,130.6,Y
494,12498,Y,0.5414847161572053,86895.16129032258,124,Normal,44.0,26.4,66.0,173.0,112.2,351.2,Y
495,12502,N,0.4620749782040104,81367.9245283019,125,Normal,0.0,0.0,108.0,85.0,16.8,209.8,Y
496,12503,N,0.3939008894536213,79032.25806451612,125,Normal,0.0,0.0,16.0,47.0,22.8,85.8,Y
497,12507,N,0.5249540981662945,77665.572102743,125,Normal,0.0,0.0,0.0,20.0,8.4,28.4,Y
498,12512,N,0.5249540981662945,77665.572102743,125,Normal,0.0,0.0,12.0,0.0,0.0,12.0,Y
499,12513,N,0.99,77412.28070175438,125,High,0.0,0.0,0.0,0.0,0.0,0.0,Y
500,12514,N,0.4697986577181208,94553.57142857142,125,Normal,0.0,0.0,115.0,94.0,62.4,271.4,Y
501,12515,N,0.5105296745373324,64375.0,125,Normal,0.0,0.0,55.0,67.0,46.199999999999996,168.2,Y
502,12516,N,0.4195804195804196,70032.05128205128,125,Normal,0.0,0.0,36.0,55.0,16.2,107.2,Y
503,12517,N,0.5208333333333334,69375.0,125,Normal,0.0,0.0,20.0,30.0,4.8,54.8,Y
504,12518,Y,0.5101518512199283,88043.47826086955,125,Normal,116.0,36.0,361.0,288.0,192.0,841.0,Y
505,12521,Y,0.4604853764779091,80743.24324324325,125,Normal,18.0,10.799999999999999,11.0,32.0,68.39999999999999,111.39999999999999,Y
506,12522,Y,0.4963350785340314,65189.87341772152,125,Normal,48.0,0.0,142.0,194.0,119.39999999999999,455.4,Y
507,12523,N,0.458207452165156,67719.78021978022,125,Normal,0.0,0.0,81.0,145.0,76.2,302.2,Y
508,12524,Y,0.5291818822474214,83171.91283292978,125,Normal,490.0,100.4,615.0,733.0,538.8,1886.8,Y
509,12525,N,0.99,78600.54347826088,125,High,0.0,0.0,29.0,54.0,98.39999999999999,181.39999999999998,Y
510,12526,Y,0.545609548167093,73372.39583333334,125,Normal,8.0,0.0,83.0,81.0,69.0,233.0,Y
511,12529,N,0.5574912891986062,79882.8125,125,Normal,0.0,0.0,102.0,82.0,33.0,217.0,Y
512,12530,N,0.5249540981662945,77665.572102743,125,Normal,0.0,0.0,0.0,0.0,0.0,0.0,Y
513,12531,Y,0.6254826254826255,87191.35802469136,125,High,158.0,92.0,203.0,105.0,72.0,380.0,Y
514,12533,Y,0.5150672406567869,92242.97337278108,125,Normal,830.0,487.4,1771.0,1605.0,1206.6,4582.6,Y
515,12540,Y,0.4227170054856405,92557.25190839695,125,Normal,187.0,74.0,568.0,801.0,357.59999999999997,1726.6,Y
516,12542,Y,0.5591985428051002,77728.01302931597,125,Normal,167.0,79.8,271.0,284.0,213.6,768.6,Y
517,12543,N,0.5039872408293461,62500.0,125,Normal,0.0,0.0,199.0,127.0,109.8,435.8,Y
518,12544,N,0.5249540981662945,77665.572102743,125,Normal,0.0,0.0,0.0,0.0,0.0,0.0,Y
519,12545,Y,0.493253704932537,86659.19282511211,125,Normal,100.0,26.4,117.0,58.0,177.0,352.0,Y
520,12546,Y,0.5370370370370371,68362.06896551725,125,Normal,29.0,22.2,122.0,115.0,103.2,340.2,Y
521,12547,Y,0.500457735733903,71951.21951219512,125,Normal,142.0,70.0,167.0,224.0,170.4,561.4,Y
522,12548,N,0.6890130353817505,73648.64864864865,125,High,0.0,0.0,9.0,50.0,61.199999999999996,120.19999999999999,Y
523,12549,Y,0.5021156558533145,81741.57303370786,125,Normal,558.0,252.4,420.0,1005.0,504.0,1929.0,Y
524,12553,Y,0.5056733189828159,72709.23520923521,125,Normal,945.0,513.4,1145.0,1664.0,963.0,3772.0,Y
525,12563,Y,0.4914835522038747,75992.06349206349,125,Normal,232.0,53.4,177.0,278.0,266.4,721.4,Y
526,12565,Y,0.4618345093008338,54513.88888888888,125,High,18.0,10.799999999999999,164.0,26.0,31.2,221.2,Y
527,12567,N,0.5624201107797188,74337.12121212122,125,Normal,0.0,0.0,101.0,73.0,40.199999999999996,214.2,Y
528,12569,Y,0.5414974487139436,79254.80769230769,125,Normal,196.0,41.6,546.0,491.0,361.8,1398.8,Y
529,12571,Y,0.5208446128857607,81003.11850311852,125,Normal,192.0,44.4,272.0,534.0,352.2,1158.2,Y
530,12574,N,0.5249540981662945,77665.572102743,125,Normal,0.0,0.0,16.0,0.0,0.0,16.0,Y
531,12575,Y,0.8017676767676768,87204.72440944883,125,High,24.0,0.0,81.0,28.0,35.4,144.4,Y
532,12577,Y,0.7280927835051546,88053.09734513274,125,High,16.0,0.0,54.0,40.0,33.6,127.6,Y
533,12578,Y,0.5458823529411765,87068.96551724138,125,Normal,32.0,0.0,30.0,81.0,58.8,169.8,Y
534,12581,Y,0.5095541401273885,81610.57692307692,125,Normal,48.0,24.0,157.0,74.0,47.4,278.4,Y
535,12582,Y,0.3858625162127108,92489.49579831932,125,Normal,64.0,0.0,161.0,207.0,205.79999999999998,573.8,Y
536,12583,Y,0.6004366812227074,72045.45454545453,125,High,16.0,0.0,39.0,96.0,68.39999999999999,203.39999999999998,Y
537,12585,Y,0.5344418052256532,90000.0,125,Normal,16.0,0.0,22.0,24.0,7.199999999999999,53.2,Y
538,12586,Y,0.5163255741290423,70612.70801815431,125,Normal,197.0,55.8,879.0,765.0,571.8,2215.8,Y
539,12589,Y,0.3676470588235294,73003.47222222222,125,Normal,288.0,12.0,1034.0,1016.0,622.1999999999999,2672.2,Y
540,12592,N,0.3988803358992302,62500.0,125,Normal,0.0,0.0,74.0,87.0,85.8,246.8,Y
541,12719,Y,0.4151943462897526,77127.65957446808,127,Normal,15.0,15.0,47.0,21.0,0.0,68.0,Y
542,12721,Y,0.4115853658536585,66358.02469135802,127,Normal,16.0,0.0,742.0,492.0,382.8,1616.8,Y
543,12722,N,0.5219416400910862,64368.93981564272,127,Normal,0.0,0.0,0.0,0.0,0.0,0.0,Y
544,12723,Y,0.4279279279279279,70394.73684210527,127,Normal,8.0,0.0,15.0,56.0,45.0,116.0,Y
545,12724,N,0.5219416400910862,64368.93981564272,127,Normal,0.0,0.0,0.0,0.0,0.0,0.0,Y
546,12726,Y,0.3905674281503316,70283.01886792453,127,Normal,8.0,0.0,129.0,78.0,32.4,239.4,Y
547,12732,Y,0.4578313253012048,71381.57894736841,127,Normal,8.0,0.0,19.0,35.0,13.799999999999999,67.8,Y
548,12733,N,0.1402805611222445,44196.42857142857,127,High,0.0,0.0,31.0,80.0,65.39999999999999,176.39999999999998,Y
549,12734,N,0.5019685039370079,50000.0,127,High,0.0,0.0,105.0,100.0,37.8,242.8,Y
550,12736,N,0.5219416400910862,64368.93981564272,127,Normal,0.0,0.0,0.0,0.0,0.0,0.0,Y
551,12738,Y,0.3342618384401114,54166.66666666666,127,High,8.0,0.0,0.0,23.0,28.799999999999997,51.8,Y
552,12740,Y,0.5545722713864307,71542.55319148935,127,Normal,68.0,0.0,66.0,98.0,53.4,217.4,Y
553,12741,N,0.7738095238095238,61538.46153846154,127,High,0.0,0.0,0.0,2.0,7.8,9.8,Y
554,12743,N,0.5161290322580645,75781.25,127,Normal,0.0,0.0,0.0,19.0,3.0,22.0,Y
555,12746,N,0.9166666666666666,59772.72727272727,127,High,0.0,0.0,44.0,9.0,8.4,61.4,Y
556,12749,N,0.5219416400910862,64368.93981564272,127,Normal,0.0,0.0,0.0,41.0,21.599999999999998,62.599999999999994,Y
557,12750,N,0.5219416400910862,64368.93981564272,127,Normal,0.0,0.0,4.0,0.0,0.0,4.0,Y
558,12751,N,0.3822762814943527,44886.36363636363,127,High,0.0,0.0,247.0,94.0,63.599999999999994,404.6,Y
559,12752,N,0.5298013245033113,67187.5,127,Normal,0.0,0.0,6.0,4.0,1.7999999999999998,11.8,Y
560,12758,Y,0.464091262639357,66759.77653631286,127,Normal,149.0,89.39999999999999,252.0,286.0,52.8,590.8,Y
561,12759,N,0.331002331002331,42957.74647887324,127,High,0.0,0.0,80.0,246.0,172.79999999999998,498.79999999999995,Y
562,12760,N,0.5411764705882353,64130.434782608696,127,Normal,0.0,0.0,3.0,11.0,7.199999999999999,21.2,Y
563,12763,N,0.8723404255319149,58536.58536585367,127,High,0.0,0.0,6.0,4.0,4.8,14.8,Y
564,12764,Y,0.4670169293636894,77500.0,127,Normal,8.0,0.0,42.0,103.0,40.199999999999996,185.2,Y
565,12765,N,0.4601571268237935,76524.39024390244,127,Normal,0.0,0.0,19.0,16.0,61.8,96.8,Y
566,12766,N,0.2735562310030395,62499.99999999999,127,Normal,0.0,0.0,0.0,62.0,19.8,81.8,Y
567,12767,N,0.5219416400910862,64368.93981564272,127,Normal,0.0,0.0,37.0,0.0,0.0,37.0,Y
568,12768,N,0.5427251732101617,63829.78723404255,127,Normal,0.0,0.0,27.0,0.0,15.6,42.6,Y
569,12769,N,0.5219416400910862,64368.93981564272,127,Normal,0.0,0.0,26.0,0.0,0.0,26.0,Y
570,12770,N,0.5219416400910862,64368.93981564272,127,Normal,0.0,0.0,0.0,25.0,0.0,25.0,Y
571,12771,Y,0.448318804483188,60223.76543209877,127,Normal,409.0,145.8,720.0,625.0,599.4,1944.4,Y
572,12775,Y,0.5618431689571544,80125.89928057554,127,Normal,41.0,27.2,143.0,83.0,58.8,284.8,Y
573,12776,N,0.4295366795366795,68960.67415730338,127,Normal,0.0,0.0,48.0,87.0,68.39999999999999,203.39999999999998,Y
574,12777,N,0.425531914893617,86111.11111111111,127,Normal,0.0,0.0,47.0,18.0,10.2,75.2,Y
575,12778,N,0.9701492537313432,71153.84615384616,127,High,0.0,0.0,0.0,34.0,39.0,73.0,Y
576,12779,N,0.4557291666666667,49523.80952380953,127,High,0.0,0.0,219.0,178.0,80.39999999999999,477.4,Y
577,12780,N,0.5202821869488536,66313.55932203389,127,Normal,0.0,0.0,31.0,93.0,100.2,224.2,Y
578,12781,N,0.5219416400910862,64368.93981564272,127,Normal,0.0,0.0,0.0,0.0,0.0,0.0,Y
579,12783,N,0.4471256210078069,61904.76190476189,127,Normal,0.0,0.0,79.0,63.0,34.8,176.8,Y
580,12784,N,0.5219416400910862,64368.93981564272,127,Normal,0.0,0.0,0.0,0.0,0.0,0.0,Y
581,12785,N,0.5219416400910862,64368.93981564272,127,Normal,0.0,0.0,0.0,161.0,103.8,264.8,Y
582,12786,N,0.5809859154929577,78030.30303030304,127,Normal,0.0,0.0,0.0,0.0,6.6,6.6,Y
583,12787,N,0.99,60119.04761904761,127,High,0.0,0.0,0.0,0.0,0.0,0.0,Y
584,12789,Y,0.3553082191780822,57078.31325301205,127,High,16.0,0.0,142.0,173.0,54.0,369.0,Y
585,12790,Y,0.5655466161855183,63912.133891213394,127,Normal,114.0,13.2,233.0,181.0,138.6,552.6,Y
586,12792,N,0.99,74404.7619047619,127,High,0.0,0.0,0.0,0.0,3.5999999999999996,3.5999999999999996,Y
587,12808,N,0.7960199004975125,84375.0,128,High,0.0,0.0,4.0,0.0,0.0,4.0,Y
588,12809,Y,0.4485049833887043,64891.975308641966,128,Normal,32.0,0.0,211.0,189.0,132.0,532.0,Y
589,12810,N,0.5586592178770949,52083.33333333333,128,High,0.0,0.0,36.0,31.0,7.199999999999999,74.2,Y
590,12811,N,0.5038311790496613,64382.207033853665,128,Normal,0.0,0.0,17.0,36.0,0.0,53.0,Y
591,12814,Y,0.7312775330396476,75000.0,128,High,20.0,0.0,17.0,14.0,19.8,50.8,Y
592,12815,N,0.4367606915377616,70052.08333333334,128,Normal,0.0,0.0,15.0,72.0,30.599999999999998,117.6,Y
593,12816,Y,0.4604409857328145,64906.103286384976,128,Normal,84.0,28.0,118.0,235.0,177.6,530.6,Y
594,12817,Y,0.5996924654023578,69871.79487179487,128,Normal,47.0,31.4,41.0,133.0,5.3999999999999995,179.4,Y
595,12819,N,0.4195804195804196,43750.0,128,High,0.0,0.0,7.0,16.0,4.8,27.8,Y
596,12820,N,0.5038311790496613,64382.207033853665,128,Normal,0.0,0.0,0.0,44.0,0.0,44.0,Y
597,12821,Y,0.0588730025231286,48214.28571428571,128,High,8.0,0.0,6.0,16.0,11.4,33.4,Y
598,12822,Y,0.4741935483870967,58248.299319727885,128,High,60.0,0.0,423.0,286.0,205.79999999999998,914.8,Y
599,12823,N,0.298804780876494,69166.66666666667,128,Normal,0.0,0.0,0.0,0.0,79.8,79.8,Y
600,12824,N,0.3952205882352941,81395.3488372093,128,Normal,0.0,0.0,62.0,28.0,10.799999999999999,100.8,Y
601,12827,N,0.5172883201742445,63092.10526315789,128,Normal,0.0,0.0,329.0,124.0,97.2,550.2,Y
602,12828,Y,0.4984358706986444,59544.97907949791,128,High,288.0,132.39999999999998,340.0,369.0,352.2,1061.2,Y
603,12833,Y,0.4337855914389451,77312.77533039649,128,Normal,35.0,11.4,311.0,262.0,188.4,761.4,Y
604,12835,N,0.5068762278978389,65794.57364341085,128,Normal,0.0,0.0,64.0,67.0,49.199999999999996,180.2,Y
605,12836,N,0.6073752711496746,70982.14285714286,128,High,0.0,0.0,2.0,9.0,1.2,12.2,Y
606,12837,N,0.4436860068259385,55769.230769230766,128,High,0.0,0.0,13.0,78.0,34.8,125.8,Y
607,12838,N,0.4299583911234396,56048.3870967742,128,High,0.0,0.0,37.0,40.0,26.4,103.4,Y
608,12841,N,0.5038311790496613,64382.207033853665,128,Normal,0.0,0.0,0.0,0.0,0.0,0.0,Y
609,12842,Y,0.8652482269503546,61065.5737704918,128,High,16.0,0.0,26.0,21.0,20.4,67.4,Y
610,12843,N,0.3834808259587021,55769.230769230766,128,High,0.0,0.0,23.0,77.0,31.799999999999997,131.8,Y
611,12844,N,0.5119453924914675,90833.33333333334,128,Normal,0.0,0.0,0.0,11.0,11.4,22.4,Y
612,12845,Y,0.5707413076754866,73563.2183908046,128,Normal,33.0,0.0,210.0,135.0,158.4,503.4,Y
613,12846,Y,0.5226364846870839,62101.91082802547,128,Normal,60.0,12.0,71.0,207.0,38.4,316.4,Y
614,12847,N,0.4657933042212518,67578.125,128,Normal,0.0,0.0,27.0,6.0,27.0,60.0,Y
615,12850,N,0.5240014657383657,77272.72727272728,128,Normal,0.0,0.0,103.0,102.0,90.0,295.0,Y
616,12851,N,0.5015673981191222,50000.0,128,High,0.0,0.0,21.0,4.0,16.8,41.8,Y
617,12852,N,0.6027397260273972,66477.27272727272,128,High,0.0,0.0,4.0,2.0,16.2,22.2,Y
618,12853,N,0.485859318346628,59514.92537313433,128,High,0.0,0.0,49.0,136.0,60.599999999999994,245.6,Y
619,12854,N,0.5038311790496613,64382.207033853665,128,Normal,0.0,0.0,31.0,18.0,0.0,49.0,Y
620,12855,N,0.5314009661835749,48863.63636363636,128,High,0.0,0.0,8.0,11.0,2.4,21.4,Y
621,12856,N,0.5038311790496613,64382.207033853665,128,Normal,0.0,0.0,0.0,0.0,15.0,15.0,Y
622,12857,N,0.3252032520325203,55208.33333333333,128,High,0.0,0.0,16.0,5.0,22.8,43.8,Y
623,12858,N,0.5038311790496613,64382.207033853665,128,Normal,0.0,0.0,0.0,0.0,3.0,3.0,Y
624,12859,N,0.5498652291105122,68627.45098039215,128,Normal,0.0,0.0,122.0,133.0,118.8,373.8,Y
625,12860,N,0.989010989010989,54513.88888888889,128,High,0.0,0.0,35.0,16.0,5.3999999999999995,56.4,Y
626,12861,N,0.5035971223021583,69196.42857142858,128,Normal,0.0,0.0,26.0,44.0,21.599999999999998,91.6,Y
627,12862,N,0.5038311790496613,64382.207033853665,128,Normal,0.0,0.0,0.0,15.0,19.8,34.8,Y
628,12863,N,0.4190260475651189,79054.05405405405,128,Normal,0.0,0.0,12.0,139.0,61.8,212.8,Y
629,12864,N,0.5038311790496613,64382.207033853665,128,Normal,0.0,0.0,0.0,0.0,0.0,0.0,Y
630,12865,Y,0.4756380510440835,59527.439024390245,128,High,24.0,0.0,202.0,196.0,72.0,470.0,Y
631,12866,Y,0.5219900548785201,88018.2625863771,128,Normal,981.0,334.19999999999993,1247.0,1629.0,1009.1999999999999,3885.2,Y
632,12870,Y,0.4911242603550296,65512.048192771086,128,Normal,30.0,0.0,45.0,128.0,19.2,192.2,Y
633,12872,N,0.5038311790496613,64382.207033853665,128,Normal,0.0,0.0,0.0,0.0,0.0,0.0,Y
634,12873,N,0.4228571428571429,69932.43243243244,128,Normal,0.0,0.0,71.0,28.0,7.8,106.8,Y
635,12874,N,0.5038311790496613,64382.207033853665,128,Normal,0.0,0.0,0.0,0.0,4.8,4.8,Y
636,12878,N,0.4563233376792698,54285.71428571428,128,High,0.0,0.0,25.0,24.0,58.199999999999996,107.19999999999999,Y
637,12884,N,0.5038311790496613,64382.207033853665,128,Normal,0.0,0.0,48.0,49.0,21.0,118.0,Y
638,12885,Y,0.4828836998413058,51936.61971830986,128,High,122.0,57.599999999999994,142.0,414.0,90.0,646.0,Y
639,12886,N,0.4761904761904761,60227.27272727273,128,Normal,0.0,0.0,0.0,14.0,0.0,14.0,Y
640,12887,Y,0.4597457627118644,54550.69124423964,128,High,71.0,31.4,370.0,278.0,168.0,816.0,Y
641,12910,N,0.3976670201484623,57666.66666666667,129,High,0.0,0.0,71.0,129.0,39.6,239.6,Y
642,12911,N,0.5102414146159621,60098.169904632196,129,Normal,0.0,0.0,0.0,0.0,0.0,0.0,Y
643,12912,Y,0.5583195135433942,55693.0693069307,129,High,44.0,12.0,36.0,103.0,86.39999999999999,225.39999999999998,Y
644,12914,Y,0.3995433789954338,53928.57142857142,129,High,16.0,0.0,41.0,29.0,50.4,120.4,Y
645,12915,N,0.5102414146159621,60098.169904632196,129,Normal,0.0,0.0,0.0,0.0,0.0,0.0,Y
646,12916,Y,0.3957894736842105,53723.404255319154,129,High,64.0,12.0,114.0,188.0,112.8,414.8,Y
647,12917,N,0.5194805194805194,58398.4375,129,High,0.0,0.0,59.0,69.0,70.8,198.8,Y
648,12919,Y,0.5743740795287187,58573.71794871794,129,High,49.0,10.2,174.0,88.0,58.199999999999996,320.2,Y
649,12920,Y,0.4446274186908193,62847.22222222223,129,Normal,44.0,0.0,142.0,117.0,119.39999999999999,378.4,Y
650,12922,N,0.5102414146159621,60098.169904632196,129,Normal,0.0,0.0,2.0,2.0,0.0,4.0,Y
651,12923,Y,0.4940711462450592,55000.0,129,High,16.0,0.0,35.0,40.0,5.3999999999999995,80.4,Y
652,12924,N,0.5102414146159621,60098.169904632196,129,Normal,0.0,0.0,0.0,0.0,39.0,39.0,Y
653,12927,N,0.5102414146159621,60098.169904632196,129,Normal,0.0,0.0,0.0,4.0,0.0,4.0,Y
654,12928,N,0.4975922953451043,58198.9247311828,129,High,0.0,0.0,95.0,117.0,43.8,255.8,Y
655,12929,Y,0.5102414146159621,60098.169904632196,129,Normal,8.0,0.0,64.0,74.0,51.0,189.0,Y
656,12930,N,0.3558718861209964,57500.0,129,High,0.0,0.0,117.0,40.0,15.6,172.6,Y
657,12933,N,0.5102414146159621,60098.169904632196,129,Normal,0.0,0.0,0.0,0.0,0.0,0.0,Y
658,12934,Y,0.3425229741019214,56097.56097560976,129,High,8.0,0.0,82.0,95.0,30.0,207.0,Y
659,12935,Y,0.4978662873399715,59285.71428571429,129,High,34.0,10.799999999999999,51.0,77.0,68.39999999999999,196.39999999999998,Y
660,12936,Y,0.4769001490312965,67578.125,129,Normal,16.0,0.0,12.0,30.0,22.2,64.2,Y
661,12937,Y,0.3961748633879781,52370.68965517242,129,High,16.0,0.0,76.0,154.0,50.4,280.4,Y
662,12944,Y,0.4708001029071263,56284.15300546448,129,High,155.0,89.39999999999999,133.0,144.0,244.79999999999998,521.8,Y
663,12945,N,0.6439393939393939,65808.82352941176,129,High,0.0,0.0,20.0,59.0,15.0,94.0,Y
664,12950,Y,0.5688622754491018,54276.31578947368,129,High,32.0,0.0,27.0,31.0,21.599999999999998,79.6,Y
665,12952,N,0.9056603773584906,52604.16666666666,129,High,0.0,0.0,29.0,41.0,14.399999999999999,84.4,Y
666,12955,N,0.5217391304347826,59027.777777777774,129,High,0.0,0.0,4.0,12.0,4.8,20.8,Y
667,12956,Y,0.4326923076923077,56018.518518518526,129,High,20.0,12.0,58.0,23.0,40.199999999999996,121.19999999999999,Y
668,12957,N,0.4250151791135397,51071.428571428565,129,High,0.0,0.0,57.0,204.0,43.8,304.8,Y
669,12958,Y,0.4975396391470749,58379.120879120885,129,High,32.0,0.0,42.0,117.0,88.2,247.2,Y
670,12959,Y,0.3831891223733004,54838.70967741936,129,High,8.0,0.0,71.0,54.0,61.8,186.8,Y
671,12960,Y,0.6,60648.14814814815,129,High,16.0,0.0,96.0,0.0,9.0,105.0,Y
672,12961,N,0.5102414146159621,60098.169904632196,129,Normal,0.0,0.0,0.0,0.0,0.0,0.0,Y
673,12964,N,0.5102414146159621,60098.169904632196,129,Normal,0.0,0.0,0.0,0.0,0.0,0.0,Y
674,12965,N,0.8823529411764706,53645.83333333333,129,High,0.0,0.0,10.0,19.0,12.0,41.0,Y
675,12966,N,0.3870558375634518,56045.08196721312,129,High,0.0,0.0,295.0,250.0,165.6,710.6,Y
676,12967,N,0.3833605220228385,56382.97872340425,129,High,0.0,0.0,50.0,104.0,31.799999999999997,185.8,Y
677,12969,N,0.821917808219178,61805.55555555556,129,High,0.0,0.0,0.0,14.0,1.2,15.2,Y
678,12970,N,0.1814300960512273,61764.705882352944,129,Normal,0.0,0.0,5.0,11.0,7.8,23.8,Y
679,12972,Y,0.4525464604908498,69670.84639498433,129,Normal,88.0,0.0,426.0,504.0,217.2,1147.2,Y
680,12973,N,0.5102414146159621,60098.169904632196,129,Normal,0.0,0.0,5.0,12.0,14.399999999999999,31.4,Y
681,12975,N,0.5102414146159621,60098.169904632196,129,Normal,0.0,0.0,11.0,0.0,7.8,18.8,Y
682,12976,N,0.5102414146159621,60098.169904632196,129,Normal,0.0,0.0,6.0,6.0,0.0,12.0,Y
683,12978,N,0.703125,52777.777777777774,129,High,0.0,0.0,8.0,9.0,3.0,20.0,Y
684,12979,Y,0.4696132596685083,63025.21008403361,129,Normal,136.0,54.8,139.0,159.0,121.8,419.8,Y
685,12980,N,0.5008944543828264,52455.357142857145,129,High,0.0,0.0,8.0,24.0,28.2,60.2,Y
686,12986,Y,0.4742345033607169,61368.11023622048,129,Normal,128.0,33.6,144.0,153.0,317.4,614.4,Y
687,12987,N,0.7236842105263158,55681.81818181818,129,High,0.0,0.0,7.0,0.0,0.0,7.0,Y
688,12989,N,0.4639175257731959,70277.77777777778,129,Normal,0.0,0.0,28.0,12.0,60.0,100.0,Y
689,12992,Y,0.6359300476947536,60052.083333333336,129,High,48.0,0.0,222.0,189.0,49.199999999999996,460.2,Y
690,12996,Y,0.4689863842662632,58870.967741935485,129,High,35.0,29.0,58.0,78.0,56.4,192.4,Y
691,12997,N,0.4930156121610518,64583.333333333336,129,Normal,0.0,0.0,24.0,24.0,30.0,78.0,Y
692,12998,N,0.8503401360544217,47000.0,129,High,0.0,0.0,0.0,71.0,24.0,95.0,Y
693,13024,N,0.49428670715945394,68268.48045849918,130,Normal,0.0,0.0,0.0,0.0,0.0,0.0,Y
694,13026,N,0.3626943005181347,68849.20634920635,130,Normal,0.0,0.0,27.0,49.0,70.2,146.2,Y
695,13027,Y,0.498137277037706,77457.50708215298,130,Normal,859.0,216.8,1913.0,2244.0,1605.6,5762.6,Y
696,13028,N,0.7169344870210136,62068.96551724138,130,High,0.0,0.0,38.0,70.0,13.2,121.2,Y
697,13029,Y,0.4696623508504696,75979.72972972973,130,Normal,76.0,0.0,602.0,562.0,378.59999999999997,1542.6,Y
698,13030,Y,0.4915169660678642,65926.39593908629,130,Normal,16.0,0.0,190.0,339.0,232.2,761.2,Y
699,13034,N,0.410484668644906,71536.14457831325,130,Normal,0.0,0.0,149.0,105.0,60.599999999999994,314.6,Y
700,13035,Y,0.464841906559698,87944.16243654823,130,Normal,236.0,115.6,253.0,306.0,306.59999999999997,865.5999999999999,Y
701,13036,Y,0.4800443458980044,64145.49653579677,130,Normal,238.0,0.0,486.0,594.0,246.6,1326.6,Y
702,13040,N,0.4580152671755725,56354.16666666667,130,High,0.0,0.0,124.0,141.0,87.0,352.0,Y
703,13042,N,0.5268389662027833,64504.71698113207,130,Normal,0.0,0.0,62.0,83.0,74.39999999999999,219.39999999999998,Y
704,13044,Y,0.4064771976206213,65650.40650406505,130,Normal,79.0,0.0,228.0,125.0,135.0,488.0,Y
705,13045,Y,0.4009660120041197,60163.86182462357,130,Normal,944.0,404.8,1262.0,1423.0,607.1999999999999,3292.2,Y
706,13051,N,0.49428670715945394,68268.48045849918,130,Normal,0.0,0.0,0.0,0.0,0.0,0.0,Y
707,13052,Y,0.476460578559274,61011.90476190476,130,Normal,8.0,0.0,108.0,129.0,36.6,273.6,Y
708,13053,Y,0.4451982192071231,68630.95238095237,130,Normal,186.0,134.0,321.0,193.0,96.6,610.6,Y
709,13060,Y,0.5053094104723544,63496.3768115942,130,Normal,61.0,0.0,208.0,90.0,124.8,422.8,Y
710,13061,N,0.8133971291866029,78186.27450980392,130,High,0.0,0.0,16.0,24.0,21.0,61.0,Y
711,13062,N,0.49428670715945394,68268.48045849918,130,Normal,0.0,0.0,26.0,0.0,0.0,26.0,Y
712,13065,N,0.49428670715945394,68268.48045849918,130,Normal,0.0,0.0,0.0,40.0,10.799999999999999,50.8,Y
713,13066,Y,0.520702634880803,95463.10240963857,130,Normal,378.0,106.6,850.0,717.0,331.8,1898.8,Y
714,13068,Y,0.5420678107994977,66650.57915057914,130,Normal,129.0,0.0,156.0,290.0,140.4,586.4,Y
715,13069,Y,0.4679613311660535,56307.1297989031,130,High,563.0,112.4,1510.0,1219.0,997.8,3726.8,Y
716,13071,Y,0.5092592592592593,61931.81818181818,130,Normal,16.0,0.0,71.0,40.0,46.199999999999996,157.2,Y
717,13072,N,0.3818615751789976,53906.25,130,High,0.0,0.0,29.0,26.0,31.799999999999997,86.8,Y
718,13073,Y,0.4513355848940743,62925.17006802722,130,Normal,147.0,47.2,565.0,450.0,196.79999999999998,1211.8,Y
719,13074,Y,0.4221872894677745,57579.78723404255,130,High,40.0,0.0,205.0,284.0,155.4,644.4,Y
720,13078,Y,0.4371031563448974,95289.47368421052,130,Normal,24.0,0.0,590.0,730.0,494.4,1814.4,Y
721,13080,Y,0.4745666382495027,67290.41916167663,130,Normal,24.0,0.0,201.0,149.0,90.6,440.6,Y
722,13081,N,0.466786355475763,71394.23076923078,130,Normal,0.0,0.0,50.0,74.0,31.2,155.2,Y
723,13082,N,0.6053333333333333,64317.18061674009,130,High,0.0,0.0,203.0,170.0,107.39999999999999,480.4,Y
724,13083,N,0.4122674710910005,59908.53658536586,130,High,0.0,0.0,89.0,99.0,61.199999999999996,249.2,Y
725,13087,N,0.49428670715945394,68268.48045849918,130,Normal,0.0,0.0,0.0,7.0,0.0,7.0,Y
726,13092,Y,0.392516507703595,60630.84112149532,130,Normal,8.0,0.0,160.0,220.0,208.2,588.2,Y
727,13101,Y,0.4937759336099585,55777.31092436974,131,High,64.0,0.0,115.0,246.0,160.79999999999998,521.8,Y
728,13102,N,0.48843478264123746,63828.70190652139,131,Normal,0.0,0.0,0.0,0.0,0.0,0.0,Y
729,13103,N,0.6637168141592921,35833.33333333333,131,High,0.0,0.0,6.0,7.0,7.199999999999999,20.2,Y
730,13108,Y,0.4917250159134309,80582.52427184467,131,Normal,149.0,43.0,160.0,313.0,198.6,671.6,Y
731,13110,N,0.4897446630389284,75534.18803418803,131,Normal,0.0,0.0,115.0,102.0,58.8,275.8,Y
732,13111,N,0.4134078212290503,53209.45945945945,131,High,0.0,0.0,97.0,216.0,87.0,400.0,Y
733,13112,Y,0.5439814814814815,73404.25531914894,131,Normal,8.0,0.0,90.0,216.0,34.199999999999996,340.2,Y
734,13113,N,0.48843478264123746,63828.70190652139,131,Normal,0.0,0.0,0.0,0.0,0.0,0.0,Y
735,13114,Y,0.4123293226983912,64590.16393442623,131,Normal,97.0,0.0,307.0,454.0,310.2,1071.2,Y
736,13115,N,0.48843478264123746,63828.70190652139,131,Normal,0.0,0.0,0.0,38.0,7.8,45.8,Y
737,13117,N,0.48843478264123746,63828.70190652139,131,Normal,0.0,0.0,3.0,18.0,25.2,46.2,Y
738,13118,Y,0.414730683187059,62344.39834024896,131,Normal,84.0,22.2,182.0,274.0,217.79999999999998,673.8,Y
739,13119,N,0.48843478264123746,63828.70190652139,131,Normal,0.0,0.0,0.0,0.0,0.0,0.0,Y
740,13120,Y,0.5184851217312895,49130.434782608696,131,High,44.0,4.8,126.0,87.0,63.599999999999994,276.6,Y
741,13121,N,0.48843478264123746,63828.70190652139,131,Normal,0.0,0.0,0.0,0.0,0.0,0.0,Y
742,13122,N,0.5295315682281059,69711.53846153845,131,Normal,0.0,0.0,30.0,36.0,17.4,83.4,Y
743,13123,N,0.48843478264123746,63828.70190652139,131,Normal,0.0,0.0,0.0,0.0,0.0,0.0,Y
744,13124,N,0.48843478264123746,63828.70190652139,131,Normal,0.0,0.0,2.0,4.0,4.8,10.8,Y
745,13131,Y,0.565008025682183,62073.86363636363,131,Normal,8.0,0.0,168.0,196.0,55.199999999999996,419.2,Y
746,13132,Y,0.5350500715307582,65040.10695187165,131,Normal,8.0,0.0,126.0,144.0,121.8,391.8,Y
747,13134,N,0.48843478264123746,63828.70190652139,131,Normal,0.0,0.0,0.0,0.0,0.6,0.6,Y
748,13135,Y,0.4907878017789072,64927.18446601942,131,Normal,244.0,91.6,523.0,294.0,281.4,1098.4,Y
749,13136,N,0.60790273556231,46250.0,131,High,0.0,0.0,24.0,40.0,16.2,80.2,Y
750,13138,N,0.48843478264123746,63828.70190652139,131,Normal,0.0,0.0,0.0,0.0,13.799999999999999,13.799999999999999,Y
751,13140,N,0.4405997693194925,55366.49214659686,131,High,0.0,0.0,135.0,258.0,166.2,559.2,Y
752,13141,N,0.4885496183206106,60156.25,131,Normal,0.0,0.0,69.0,27.0,19.8,115.8,Y
753,13142,Y,0.4930509596293845,62835.570469798666,131,Normal,56.0,0.0,236.0,184.0,272.4,692.4,Y
754,13143,Y,0.5055225148683092,57037.81512605042,131,High,166.0,84.4,209.0,211.0,121.8,541.8,Y
755,13144,N,0.4081632653061224,51620.370370370365,131,High,0.0,0.0,98.0,65.0,91.8,254.8,Y
756,13145,Y,0.5203761755485894,58885.5421686747,131,High,66.0,0.0,120.0,132.0,42.0,294.0,Y
757,13146,Y,0.4365808823529412,51973.68421052631,131,High,24.0,0.0,135.0,148.0,85.2,368.2,Y
758,13147,N,0.5059203444564048,61436.17021276595,131,Normal,0.0,0.0,58.0,26.0,33.0,117.0,Y
759,13148,Y,0.4532891100055279,58866.86991869918,131,High,235.0,80.19999999999999,511.0,561.0,342.59999999999997,1414.6,Y
760,13152,Y,0.5311688311688312,97463.32518337408,131,Normal,210.0,60.8,392.0,335.0,322.2,1049.2,Y
761,13153,Y,0.48843478264123746,63828.70190652139,131,Normal,8.0,0.0,45.0,55.0,27.0,127.0,Y
762,13154,N,0.48843478264123746,63828.70190652139,131,Normal,0.0,0.0,0.0,0.0,0.0,0.0,Y
763,13155,Y,0.4761904761904761,59722.22222222222,131,High,10.0,0.0,22.0,33.0,17.4,72.4,Y
764,13156,N,0.4149377593360996,66666.66666666667,131,Normal,0.0,0.0,91.0,101.0,30.0,222.0,Y
765,13157,N,0.48843478264123746,63828.70190652139,131,Normal,0.0,0.0,24.0,38.0,0.0,62.0,Y
766,13158,N,0.4733727810650887,59375.0,131,High,0.0,0.0,51.0,44.0,21.0,116.0,Y
767,13160,Y,0.4111405835543766,66532.25806451612,131,Normal,26.0,0.0,105.0,145.0,128.4,378.4,Y
768,13162,N,0.48843478264123746,63828.70190652139,131,Normal,0.0,0.0,39.0,43.0,0.0,82.0,Y
769,13163,N,0.48843478264123746,63828.70190652139,131,Normal,0.0,0.0,7.0,3.0,13.799999999999999,23.799999999999997,Y
770,13164,Y,0.4779411764705882,79807.69230769231,131,Normal,16.0,0.0,206.0,283.0,123.0,612.0,Y
771,13166,Y,0.4515456755817992,62548.07692307693,131,Normal,48.0,0.0,240.0,307.0,175.2,722.2,Y
772,13167,Y,0.5633802816901409,65178.57142857143,131,Normal,20.0,12.0,127.0,127.0,140.4,394.4,Y
773,13202,Y,0.3355613149638521,50203.25203252032,132,High,252.0,172.8,574.0,416.0,239.39999999999998,1229.4,Y
774,13204,Y,0.4102301790281329,39261.22194513716,132,High,889.0,329.6,1278.0,1739.0,957.5999999999999,3974.6,Y
775,13208,Y,0.410496232787737,38330.696202531646,132,High,625.0,213.0,1821.0,2046.0,1074.0,4941.0,Y
776,13209,Y,0.5132488041910257,57932.69230769231,132,High,233.0,59.4,917.0,596.0,370.8,1883.8,Y
777,13211,Y,0.5428954423592494,45949.07407407407,132,High,76.0,21.599999999999998,306.0,305.0,307.2,918.2,Y
778,13215,Y,0.5077879444017601,85453.92022008254,132,Normal,396.0,217.99999999999997,762.0,828.0,426.0,2016.0,Y
779,13290,N,0.44793333996230106,54613.988456842795,132,High,0.0,0.0,0.0,0.0,0.0,0.0,Y
780,13301,N,0.5028852905719939,61547.42947998484,133,Normal,0.0,0.0,8.0,16.0,4.8,28.8,Y
781,13302,N,0.5083514887436456,52678.57142857143,133,High,0.0,0.0,118.0,96.0,22.2,236.2,Y
782,13303,Y,0.416988416988417,67592.59259259258,133,Normal,8.0,0.0,33.0,56.0,36.0,125.0,Y
783,13305,N,0.5028852905719939,61547.42947998484,133,Normal,0.0,0.0,0.0,0.0,0.0,0.0,Y
784,13308,N,0.3567396703544818,57436.70886075949,133,High,0.0,0.0,140.0,316.0,188.4,644.4,Y
785,13310,N,0.3703703703703703,57258.06451612903,133,High,0.0,0.0,40.0,0.0,0.0,40.0,Y
786,13312,N,0.5028852905719939,61547.42947998484,133,Normal,0.0,0.0,11.0,6.0,4.2,21.2,Y
787,13313,N,0.5028852905719939,61547.42947998484,133,Normal,0.0,0.0,23.0,39.0,16.2,78.2,Y
788,13314,N,0.99,53676.470588235294,133,High,0.0,0.0,0.0,15.0,28.799999999999997,43.8,Y
789,13315,Y,0.405982905982906,61622.80701754386,133,Normal,38.0,18.0,78.0,105.0,43.199999999999996,226.2,Y
790,13316,Y,0.4803788903924222,59419.01408450704,133,High,66.0,25.2,296.0,281.0,265.2,842.2,Y
791,13317,Y,0.4297851074462768,59229.6511627907,133,High,24.0,0.0,317.0,378.0,208.2,903.2,Y
792,13320,N,0.4124700239808153,61482.558139534885,133,Normal,0.0,0.0,131.0,93.0,45.0,269.0,Y
793,13321,Y,0.5028852905719939,61547.42947998484,133,Normal,16.0,0.0,0.0,60.0,61.8,121.8,Y
794,13322,N,0.5591798695246971,65000.0,133,Normal,0.0,0.0,58.0,60.0,43.8,161.8,Y
795,13324,N,0.5807622504537205,57552.08333333333,133,High,0.0,0.0,56.0,72.0,21.0,149.0,Y
796,13325,N,0.4736275565123789,57102.27272727272,133,High,0.0,0.0,76.0,60.0,23.4,159.4,Y
797,13328,N,0.372157133011716,68055.55555555555,133,Normal,0.0,0.0,62.0,110.0,46.8,218.8,Y
798,13329,Y,0.4556962025316455,53163.58024691357,133,High,26.0,0.0,156.0,212.0,153.6,521.6,Y
799,13331,N,0.99,71428.57142857142,133,High,0.0,0.0,0.0,0.0,0.0,0.0,Y
800,13332,Y,0.3856845031271717,56081.08108108107,133,High,8.0,0.0,377.0,294.0,117.6,788.6,Y
801,13333,N,0.5028852905719939,61547.42947998484,133,Normal,0.0,0.0,0.0,2.0,0.0,2.0,Y
802,13334,N,0.5938494167550371,58258.92857142858,133,High,0.0,0.0,60.0,52.0,10.2,122.2,Y
803,13335,N,0.5239852398523985,59330.98591549296,133,High,0.0,0.0,127.0,78.0,30.0,235.0,Y
804,13337,N,0.6278713629402757,80487.80487804877,133,High,0.0,0.0,3.0,31.0,6.6,40.6,Y
805,13338,Y,0.499194847020934,58870.967741935485,133,High,8.0,0.0,20.0,98.0,61.199999999999996,179.2,Y
806,13339,Y,0.44543063773833,52352.39852398524,133,High,80.0,0.0,497.0,402.0,258.59999999999997,1157.6,Y
807,13340,Y,0.5067522396042252,60718.99736147757,133,Normal,80.0,4.8,388.0,477.0,320.4,1185.4,Y
808,13342,N,0.5028852905719939,61547.42947998484,133,Normal,0.0,0.0,49.0,26.0,12.6,87.6,Y
809,13343,Y,0.4676923076923077,60032.8947368421,133,Normal,16.0,9.6,67.0,79.0,70.2,216.2,Y
810,13345,N,0.5028852905719939,61547.42947998484,133,Normal,0.0,0.0,24.0,0.0,7.199999999999999,31.2,Y
811,13346,Y,0.2978859705317104,83400.5376344086,133,Normal,146.0,67.6,185.0,265.0,117.0,567.0,Y
812,13348,Y,0.3774715398442181,60317.46031746031,133,Normal,8.0,0.0,73.0,80.0,57.0,210.0,Y
813,13350,Y,0.4022692109334708,53653.84615384616,133,High,135.0,63.8,285.0,369.0,194.4,848.4,Y
814,13352,N,0.5028852905719939,61547.42947998484,133,Normal,0.0,0.0,0.0,6.0,10.799999999999999,16.799999999999997,Y
815,13353,N,0.5028852905719939,61547.42947998484,133,Normal,0.0,0.0,2.0,5.0,0.0,7.0,Y
816,13354,N,0.4840182648401826,70597.48427672956,133,Normal,0.0,0.0,276.0,256.0,113.39999999999999,645.4,Y
817,13355,Y,0.3511852502194907,58437.5,133,High,16.0,0.0,116.0,21.0,18.0,155.0,Y
818,13357,Y,0.4494709251528977,54724.62203023758,133,High,148.0,0.0,424.0,812.0,466.2,1702.2,Y
819,13360,N,0.99,59782.608695652176,133,High,0.0,0.0,0.0,0.0,9.6,9.6,Y
820,13361,N,0.4689863842662632,54435.48387096774,133,High,0.0,0.0,44.0,8.0,12.6,64.6,Y
821,13363,N,0.440016604400166,65212.2641509434,133,Normal,0.0,0.0,180.0,146.0,104.39999999999999,430.4,Y
822,13364,N,0.5028852905719939,61547.42947998484,133,Normal,0.0,0.0,0.0,0.0,3.0,3.0,Y
823,13365,Y,0.4438395076340395,58366.66666666667,133,High,184.0,31.0,577.0,567.0,480.59999999999997,1624.6,Y
824,13367,Y,0.4250172771250864,62567.75067750678,133,Normal,261.0,86.19999999999999,452.0,410.0,292.2,1154.2,Y
825,13368,Y,0.4549509366636931,53676.470588235294,133,High,38.0,22.799999999999997,93.0,66.0,31.799999999999997,190.8,Y
826,13402,Y,0.5979760809567617,56346.15384615385,134,High,10.0,0.0,40.0,37.0,40.8,117.8,Y
827,13404,N,0.48971879951476605,59631.586862284355,134,High,0.0,0.0,7.0,0.0,12.0,19.0,Y
828,13406,N,0.508130081300813,58500.0,134,High,0.0,0.0,26.0,40.0,26.4,92.4,Y
829,13408,Y,0.3369790127106118,57785.08771929824,134,High,89.0,52.4,96.0,126.0,65.39999999999999,287.4,Y
830,13410,N,0.48971879951476605,59631.586862284355,134,High,0.0,0.0,16.0,0.0,6.0,22.0,Y
831,13411,Y,0.5140357273058694,53634.75177304964,134,High,81.0,10.2,157.0,129.0,59.4,345.4,Y
832,13413,Y,0.4778282766244933,82005.14138817482,134,Normal,374.0,151.6,508.0,620.0,877.1999999999999,2005.1999999999998,Y
833,13415,N,0.48971879951476605,59631.586862284355,134,High,0.0,0.0,0.0,0.0,0.0,0.0,Y
834,13416,Y,0.4474272930648769,64625.0,134,Normal,16.0,0.0,138.0,131.0,90.6,359.6,Y
835,13417,Y,0.5575249758298421,53901.73410404624,134,High,20.0,0.0,80.0,82.0,48.6,210.6,Y
836,13418,N,0.48971879951476605,59631.586862284355,134,High,0.0,0.0,3.0,0.0,0.0,3.0,Y
837,13421,Y,0.4783386482072023,59024.39024390243,134,High,354.0,113.39999999999999,696.0,754.0,454.8,1904.8,Y
838,13425,N,0.5051078320090806,56179.77528089887,134,High,0.0,0.0,96.0,41.0,89.39999999999999,226.39999999999998,Y
839,13428,N,0.3979125896934116,58401.63934426229,134,High,0.0,0.0,60.0,44.0,59.4,163.4,Y
840,13433,N,0.4371584699453552,49479.16666666667,134,High,0.0,0.0,143.0,143.0,106.8,392.8,Y
841,13436,N,0.48971879951476605,59631.586862284355,134,High,0.0,0.0,3.0,2.0,1.2,6.2,Y
842,13437,N,0.6188925081433225,53947.36842105263,134,High,0.0,0.0,21.0,5.0,2.4,28.4,Y
843,13438,N,0.5711422845691383,67470.76023391812,134,Normal,0.0,0.0,139.0,148.0,97.8,384.8,Y
844,13439,Y,0.4710632570659488,57785.71428571428,134,High,15.0,9.0,244.0,170.0,147.0,561.0,Y
845,13450,N,0.3968253968253968,47500.0,134,High,0.0,0.0,36.0,3.0,0.6,39.6,Y
846,13452,Y,0.3918752564628642,54188.48167539267,134,High,36.0,12.0,283.0,244.0,219.6,746.6,Y
847,13454,N,0.4644808743169399,57720.58823529411,134,High,0.0,0.0,36.0,27.0,10.799999999999999,73.8,Y
848,13455,N,0.48971879951476605,59631.586862284355,134,High,0.0,0.0,2.0,0.0,10.2,12.2,Y
849,13456,Y,0.4978627105858687,73232.32323232324,134,Normal,16.0,0.0,255.0,334.0,193.2,782.2,Y
850,13457,N,0.48971879951476605,59631.586862284355,134,High,0.0,0.0,0.0,0.0,1.2,1.2,Y
851,13459,Y,0.458984375,59840.425531914894,134,High,36.0,12.0,108.0,127.0,103.2,338.2,Y
852,13461,Y,0.5098163394553515,70885.09316770187,134,Normal,68.0,0.0,216.0,131.0,105.0,452.0,Y
853,13464,N,0.4176706827309236,49278.84615384616,134,High,0.0,0.0,41.0,67.0,84.6,192.6,Y
854,13468,N,0.7560137457044673,56250.0,134,High,0.0,0.0,13.0,10.0,12.6,35.6,Y
855,13469,Y,0.296127562642369,68589.7435897436,134,Normal,16.0,0.0,18.0,70.0,37.199999999999996,125.19999999999999,Y
856,13470,N,0.3943661971830985,53125.0,134,High,0.0,0.0,38.0,31.0,24.0,93.0,Y
857,13471,N,0.5007530120481928,53571.428571428565,134,High,0.0,0.0,209.0,226.0,95.39999999999999,530.4,Y
858,13472,N,0.48971879951476605,59631.586862284355,134,High,0.0,0.0,96.0,0.0,9.6,105.6,Y
859,13473,Y,0.301418439716312,60294.117647058825,134,Normal,60.0,0.0,78.0,83.0,77.39999999999999,238.39999999999998,Y
860,13475,N,0.48971879951476605,59631.586862284355,134,High,0.0,0.0,3.0,0.0,0.0,3.0,Y
861,13476,N,0.5478991596638656,63726.99386503067,134,Normal,0.0,0.0,189.0,104.0,138.0,431.0,Y
862,13477,N,0.404040404040404,60416.66666666666,134,Normal,0.0,0.0,68.0,112.0,61.8,241.8,Y
863,13478,Y,0.4901315789473684,62332.214765100674,134,Normal,88.0,0.0,162.0,104.0,6.6,272.6,Y
864,13480,Y,0.4670169293636894,60625.0,134,Normal,52.0,0.0,139.0,199.0,161.4,499.4,Y
865,13482,N,0.48971879951476605,59631.586862284355,134,High,0.0,0.0,0.0,8.0,0.0,8.0,Y
866,13483,N,0.2863436123348017,50961.53846153846,134,High,0.0,0.0,41.0,29.0,9.0,79.0,Y
867,13484,N,0.48971879951476605,59631.586862284355,134,High,0.0,0.0,0.0,0.0,0.0,0.0,Y
868,13485,N,0.3241590214067278,55424.52830188679,134,High,0.0,0.0,103.0,137.0,84.0,324.0,Y
869,13486,N,0.5284552845528455,65064.10256410256,134,Normal,0.0,0.0,72.0,38.0,13.2,123.2,Y
870,13488,N,0.851063829787234,41666.66666666666,134,High,0.0,0.0,0.0,0.0,0.0,0.0,Y
871,13489,N,0.5440900562851783,61206.89655172415,134,Normal,0.0,0.0,10.0,23.0,20.4,53.4,Y
872,13491,Y,0.430833117051648,60768.07228915663,134,Normal,56.0,10.799999999999999,228.0,196.0,129.0,553.0,Y
873,13493,N,0.3900226757369615,53779.06976744186,134,High,0.0,0.0,225.0,144.0,91.8,460.8,Y
874,13494,N,0.7207207207207207,57031.25,134,High,0.0,0.0,16.0,0.0,3.0,19.0,Y
875,13602,N,0.4698527362041592,59051.88877497293,136,High,0.0,0.0,0.0,0.0,0.0,0.0,Y
876,13603,N,0.2434163701067615,53472.22222222222,136,High,0.0,0.0,2734.0,1895.0,415.2,5044.2,Y
877,13606,Y,0.5035080478745357,64344.26229508197,136,Normal,77.0,10.2,120.0,153.0,115.8,388.8,Y
878,13607,N,0.5542857142857143,62500.0,136,Normal,0.0,0.0,41.0,33.0,55.199999999999996,129.2,Y
879,13608,Y,0.352035203520352,57617.1875,136,High,50.0,0.0,117.0,121.0,39.6,277.6,Y
880,13611,Y,0.4698527362041592,59051.88877497293,136,High,8.0,0.0,29.0,59.0,7.199999999999999,95.2,Y
881,13612,Y,0.4439511653718091,63020.833333333336,136,Normal,36.0,0.0,94.0,162.0,81.0,337.0,Y
882,13613,Y,0.4070660522273425,56839.62264150943,136,High,74.0,44.599999999999994,147.0,150.0,45.6,342.6,Y
883,13614,N,0.3188405797101449,37500.0,136,High,0.0,0.0,23.0,9.0,24.0,56.0,Y
884,13618,N,0.5016538037486218,67170.32967032967,136,Normal,0.0,0.0,99.0,139.0,39.6,277.6,Y
885,13620,Y,0.4453049370764763,58423.91304347826,136,High,126.0,18.599999999999998,209.0,125.0,145.79999999999998,479.79999999999995,Y
886,13621,N,0.4325259515570934,56500.0,136,High,0.0,0.0,92.0,57.0,12.0,161.0,Y
887,13622,Y,0.5491183879093199,67660.5504587156,136,Normal,8.0,0.0,96.0,161.0,109.2,366.2,Y
888,13623,N,0.4698527362041592,59051.88877497293,136,High,0.0,0.0,4.0,0.0,0.0,4.0,Y
889,13628,N,0.4698527362041592,59051.88877497293,136,High,0.0,0.0,47.0,30.0,15.6,92.6,Y
890,13632,N,0.4698527362041592,59051.88877497293,136,High,0.0,0.0,0.0,0.0,0.0,0.0,Y
891,13633,N,0.2830188679245283,40277.77777777777,136,High,0.0,0.0,22.0,44.0,15.6,81.6,Y
892,13634,Y,0.4788446921712693,66997.35449735449,136,Normal,41.0,10.2,157.0,281.0,182.4,620.4,Y
893,13635,N,0.3456591639871382,57267.44186046512,136,High,0.0,0.0,81.0,71.0,82.2,234.2,Y
894,13636,N,0.7344632768361582,49038.461538461546,136,High,0.0,0.0,17.0,18.0,15.0,50.0,Y
895,13638,N,0.510752688172043,42763.15789473684,136,High,0.0,0.0,0.0,0.0,74.39999999999999,74.39999999999999,Y
896,13639,N,0.4698527362041592,59051.88877497293,136,High,0.0,0.0,0.0,0.0,0.0,0.0,Y
897,13640,N,0.8278145695364238,96500.0,136,High,0.0,0.0,10.0,10.0,6.0,26.0,Y
898,13641,N,0.4698527362041592,59051.88877497293,136,High,0.0,0.0,0.0,0.0,0.0,0.0,Y
899,13643,N,0.4698527362041592,59051.88877497293,136,High,0.0,0.0,27.0,9.0,0.0,36.0,Y
900,13645,N,0.4698527362041592,59051.88877497293,136,High,0.0,0.0,0.0,0.0,0.0,0.0,Y
901,13646,Y,0.412051395657953,58467.74193548388,136,High,16.0,0.0,100.0,130.0,97.8,327.8,Y
902,13647,N,0.4698527362041592,59051.88877497293,136,High,0.0,0.0,0.0,0.0,11.4,11.4,Y
903,13648,Y,0.4882909815645241,63647.95918367348,136,Normal,44.0,29.6,50.0,84.0,111.0,245.0,Y
904,13649,N,0.4698527362041592,59051.88877497293,136,High,0.0,0.0,0.0,0.0,0.0,0.0,Y
905,13650,N,0.4723247232472324,65429.6875,136,Normal,0.0,0.0,65.0,97.0,41.4,203.4,Y
906,13651,N,0.4698527362041592,59051.88877497293,136,High,0.0,0.0,0.0,0.0,2.4,2.4,Y
907,13655,Y,0.4279095121286454,39888.53503184713,136,High,113.0,83.0,205.0,206.0,196.79999999999998,607.8,Y
908,13658,Y,0.468615649183147,60435.77981651376,136,Normal,24.0,0.0,81.0,143.0,100.2,324.2,Y
909,13659,N,0.6596306068601583,59500.0,136,High,0.0,0.0,19.0,10.0,14.399999999999999,43.4,Y
910,13660,Y,0.4542996214169821,55952.38095238096,136,High,16.0,0.0,147.0,154.0,68.39999999999999,369.4,Y
911,13661,N,0.3616438356164383,62500.0,136,Normal,0.0,0.0,94.0,72.0,102.6,268.6,Y
912,13664,N,0.594059405940594,69791.66666666666,136,Normal,0.0,0.0,12.0,23.0,5.3999999999999995,40.4,Y
913,13665,N,0.4679802955665024,53618.42105263157,136,High,0.0,0.0,26.0,75.0,24.0,125.0,Y
914,13666,N,0.4698527362041592,59051.88877497293,136,High,0.0,0.0,0.0,19.0,13.799999999999999,32.8,Y
915,13667,N,0.4572690003153579,51810.3448275862,136,High,0.0,0.0,128.0,257.0,121.8,506.8,Y
916,13668,Y,0.44375,60739.43661971831,136,Normal,70.0,27.599999999999998,199.0,171.0,139.79999999999998,509.79999999999995,Y
917,13670,N,0.391644908616188,44166.66666666666,136,High,0.0,0.0,22.0,5.0,10.2,37.2,Y
918,13673,Y,0.4623208506703652,55625.0,136,High,144.0,0.0,201.0,125.0,84.0,410.0,Y
919,13674,N,0.4698527362041592,59051.88877497293,136,High,0.0,0.0,4.0,22.0,14.399999999999999,40.4,Y
920,13675,N,0.4698527362041592,59051.88877497293,136,High,0.0,0.0,0.0,0.0,8.4,8.4,Y
921,13676,Y,0.3533394456590732,65194.61077844311,136,Normal,242.0,131.2,673.0,643.0,479.4,1795.4,Y
922,13678,N,0.4698527362041592,59051.88877497293,136,High,0.0,0.0,0.0,0.0,0.0,0.0,Y
923,13679,N,0.7490974729241877,59789.156626506025,136,High,0.0,0.0,92.0,49.0,45.0,186.0,Y
924,13680,N,0.3361945636623748,56382.97872340425,136,High,0.0,0.0,119.0,113.0,95.39999999999999,327.4,Y
925,13681,N,0.3707518022657055,52083.333333333336,136,High,0.0,0.0,66.0,104.0,53.4,223.4,Y
926,13682,N,0.4970414201183432,64880.95238095238,136,Normal,0.0,0.0,23.0,35.0,28.2,86.2,Y
927,13683,N,0.4698527362041592,59051.88877497293,136,High,0.0,0.0,0.0,0.0,0.0,0.0,Y
928,13684,N,0.4180887372013652,58163.26530612245,136,High,0.0,0.0,121.0,66.0,50.4,237.4,Y
929,13685,Y,0.5486968449931413,70833.33333333334,136,Normal,20.0,0.0,68.0,104.0,49.8,221.8,Y
930,13687,N,0.5148514851485149,64903.84615384616,136,Normal,0.0,0.0,44.0,15.0,6.0,65.0,Y
931,13690,N,0.4269081500646831,57575.757575757576,136,High,0.0,0.0,64.0,59.0,19.2,142.2,Y
932,13692,N,0.4698527362041592,59051.88877497293,136,High,0.0,0.0,0.0,8.0,7.199999999999999,15.2,Y
933,13693,N,0.9523809523809524,70089.28571428571,136,High,0.0,0.0,6.0,0.0,0.0,6.0,Y
934,13694,Y,0.6384676775738228,67968.75,136,High,8.0,0.0,86.0,74.0,24.599999999999998,184.6,Y
935,13695,N,0.4698527362041592,59051.88877497293,136,High,0.0,0.0,0.0,0.0,0.0,0.0,Y
936,13696,N,0.5747126436781609,45000.0,136,High,0.0,0.0,0.0,0.0,0.0,0.0,Y
937,13697,N,0.5109100585417775,57421.875,136,High,0.0,0.0,59.0,79.0,96.6,234.6,Y
938,13699,N,0.4698527362041592,59051.88877497293,136,High,0.0,0.0,0.0,0.0,0.0,0.0,Y
939,13730,Y,0.4423545802856147,56200.78740157481,137,High,8.0,0.0,122.0,185.0,60.599999999999994,367.6,Y
940,13731,N,0.499001996007984,74250.0,137,Normal,0.0,0.0,50.0,10.0,19.2,79.2,Y
941,13732,Y,0.4916524253976601,75969.2513368984,137,Normal,126.0,19.2,386.0,396.0,298.2,1080.2,Y
942,13733,Y,0.4495939790057437,58149.77973568282,137,High,33.0,10.2,184.0,196.0,184.2,564.2,Y
943,13734,N,0.40893760539629,56056.70103092783,137,High,0.0,0.0,127.0,144.0,37.8,308.8,Y
944,13736,N,0.6032097399003874,57798.16513761469,137,High,0.0,0.0,76.0,112.0,68.39999999999999,256.4,Y
945,13738,N,0.5051235050508183,59696.86106145315,137,High,0.0,0.0,0.0,0.0,4.2,4.2,Y
946,13739,Y,0.5368289637952559,57558.139534883725,137,High,8.0,0.0,24.0,20.0,7.8,51.8,Y
947,13743,Y,0.4979375368296995,60872.78106508876,137,Normal,38.0,4.8,93.0,68.0,186.6,347.6,Y
948,13744,N,0.3679175864606328,60750.0,137,Normal,0.0,0.0,141.0,60.0,91.2,292.2,Y
949,13746,Y,0.5882352941176471,62797.619047619046,137,Normal,8.0,0.0,73.0,120.0,39.6,232.6,Y
950,13747,N,0.5051235050508183,59696.86106145315,137,High,0.0,0.0,0.0,0.0,0.0,0.0,Y
951,13748,N,0.4601063829787234,60332.36994219652,137,Normal,0.0,0.0,217.0,110.0,109.2,436.2,Y
952,13750,Y,0.6751054852320675,53645.833333333336,137,High,24.0,0.0,34.0,23.0,4.2,61.2,Y
953,13752,N,0.4262672811059907,63513.51351351352,137,Normal,0.0,0.0,37.0,57.0,20.4,114.4,Y
954,13754,Y,0.4894578313253012,55865.38461538462,137,High,52.0,39.199999999999996,104.0,95.0,109.8,308.8,Y
955,13755,N,0.6531531531531531,55172.41379310345,137,High,0.0,0.0,20.0,41.0,28.2,89.2,Y
956,13756,N,0.345821325648415,49479.16666666666,137,High,0.0,0.0,38.0,24.0,3.0,65.0,Y
957,13757,Y,0.3767660910518053,64583.33333333333,137,Normal,8.0,0.0,19.0,102.0,39.6,160.6,Y
958,13777,N,0.9595959595959596,54276.31578947368,137,High,0.0,0.0,0.0,7.0,21.0,28.0,Y
959,13780,N,0.5452436194895591,58510.63829787234,137,High,0.0,0.0,20.0,51.0,70.2,141.2,Y
960,13782,Y,0.4383561643835616,58984.375,137,High,16.0,0.0,13.0,28.0,11.4,52.4,Y
961,13784,Y,0.5051235050508183,59696.86106145315,137,High,16.0,0.0,21.0,21.0,12.0,54.0,Y
962,13786,N,0.4371584699453552,67187.5,137,Normal,0.0,0.0,17.0,11.0,0.6,28.6,Y
963,13787,Y,0.482556243886534,53969.5945945946,137,High,63.0,18.6,131.0,229.0,121.19999999999999,481.2,Y
964,13788,N,0.4692387904066736,57222.22222222222,137,High,0.0,0.0,15.0,50.0,22.8,87.8,Y
965,13795,Y,0.5788761002031144,57821.63742690058,137,High,16.0,0.0,89.0,86.0,85.8,260.8,Y
966,13796,Y,0.5823293172690763,56681.03448275862,137,High,8.0,0.0,64.0,51.0,12.0,127.0,Y
967,13797,N,0.4560892770499757,54920.21276595745,137,High,0.0,0.0,79.0,169.0,130.79999999999998,378.79999999999995,Y
968,13801,N,0.3676470588235294,51590.90909090909,138,High,0.0,0.0,48.0,46.0,34.199999999999996,128.2,Y
969,13802,Y,0.3892493049119555,61309.5238095238,138,Normal,20.0,0.0,39.0,42.0,66.6,147.6,Y
970,13803,Y,0.4301075268817204,58831.52173913044,138,High,58.0,30.799999999999997,376.0,398.0,210.6,984.6,Y
971,13804,N,0.8421052631578947,63281.25,138,High,0.0,0.0,12.0,2.0,9.0,23.0,Y
972,13806,N,0.45867184113148224,58082.84605077811,138,High,0.0,0.0,20.0,12.0,7.199999999999999,39.2,Y
973,13807,Y,0.4629629629629629,60208.33333333333,138,Normal,8.0,0.0,32.0,70.0,56.4,158.4,Y
974,13808,Y,0.5728788977519942,60284.81012658229,138,Normal,17.0,10.2,52.0,72.0,69.6,193.6,Y
975,13809,N,0.3615071283095723,54577.4647887324,138,High,0.0,0.0,185.0,60.0,46.199999999999996,291.2,Y
976,13810,Y,0.4126984126984127,60336.53846153846,138,Normal,16.0,0.0,56.0,36.0,15.0,107.0,Y
977,13811,Y,0.4660194174757281,61718.75,138,Normal,32.0,9.6,302.0,199.0,147.0,648.0,Y
978,13812,Y,0.4273877017008286,58035.71428571429,138,High,48.0,25.6,52.0,142.0,96.0,290.0,Y
979,13813,N,0.3536693191865606,56250.0,138,High,0.0,0.0,0.0,79.0,180.6,259.6,Y
980,13814,N,0.45867184113148224,58082.84605077811,138,High,0.0,0.0,0.0,7.0,0.0,7.0,Y
981,13815,Y,0.4541586073500967,57048.55195911414,138,High,372.0,51.400000000000006,667.0,553.0,483.0,1703.0,Y
982,13825,Y,0.5003270111183781,59232.02614379085,138,High,16.0,0.0,145.0,121.0,72.6,338.6,Y
983,13826,N,0.45867184113148224,58082.84605077811,138,High,0.0,0.0,0.0,0.0,0.0,0.0,Y
984,13827,Y,0.4519966015293118,63416.35338345864,138,Normal,242.0,133.2,589.0,495.0,548.4,1632.4,Y
985,13830,Y,0.4135414555037502,57904.41176470588,138,High,85.0,10.2,145.0,379.0,201.6,725.6,Y
986,13832,N,0.512249443207127,49456.52173913043,138,High,0.0,0.0,29.0,28.0,9.0,66.0,Y
987,13833,N,0.4375145450314173,59574.468085106375,138,High,0.0,0.0,408.0,392.0,220.2,1020.2,Y
988,13834,N,0.45867184113148224,58082.84605077811,138,High,0.0,0.0,0.0,0.0,0.0,0.0,Y
989,13835,N,0.4765564950038432,56048.38709677419,138,High,0.0,0.0,48.0,51.0,68.39999999999999,167.39999999999998,Y
990,13838,Y,0.4643574297188755,53581.08108108108,138,High,287.0,165.60000000000002,254.0,293.0,132.0,679.0,Y
991,13839,Y,0.4776345716451857,55952.38095238095,138,High,8.0,0.0,67.0,67.0,116.39999999999999,250.39999999999998,Y
992,13841,N,0.4761904761904761,55434.78260869565,138,High,0.0,0.0,43.0,51.0,26.4,120.4,Y
993,13843,N,0.3629417382999045,56250.0,138,High,0.0,0.0,152.0,179.0,33.0,364.0,Y
994,13844,N,0.5172413793103449,52651.51515151515,138,High,0.0,0.0,64.0,40.0,18.599999999999998,122.6,Y
995,13846,N,0.4336043360433604,60156.25,138,Normal,0.0,0.0,26.0,15.0,6.6,47.6,Y
996,13847,N,0.45867184113148224,58082.84605077811,138,High,0.0,0.0,0.0,0.0,0.0,0.0,Y
997,13849,Y,0.4656419529837251,58009.70873786408,138,High,52.0,12.0,220.0,121.0,104.39999999999999,445.4,Y
998,13850,Y,0.4285592932381923,78035.18334985134,138,Normal,963.0,387.8,1076.0,1334.0,814.8,3224.8,Y
999,13856,Y,0.4403760514596734,55945.692883895135,138,High,127.0,33.0,298.0,293.0,216.0,807.0,Y
1000,13859,N,0.45867184113148224,58082.84605077811,138,High,0.0,0.0,0.0,20.0,0.0,20.0,Y
1001,13860,N,0.45867184113148224,58082.84605077811,138,High,0.0,0.0,7.0,0.0,30.0,37.0,Y
1002,13861,N,0.7048458149779736,64453.125,138,High,0.0,0.0,0.0,0.0,34.8,34.8,Y
1003,13862,Y,0.5024311183144247,58534.94623655912,138,High,191.0,81.99999999999999,87.0,282.0,153.6,522.6,Y
1004,13863,Y,0.4228329809725158,41250.0,138,High,8.0,0.0,18.0,5.0,30.599999999999998,53.599999999999994,Y
1005,13864,Y,0.4529616724738676,52403.84615384616,138,High,8.0,0.0,118.0,15.0,11.4,144.4,Y
1006,13865,Y,0.4416666666666666,61556.603773584895,138,Normal,76.0,0.0,387.0,206.0,196.79999999999998,789.8,Y
1007,13901,Y,0.426948295710496,59657.092614302455,139,High,473.0,174.4,1233.0,1149.0,701.4,3083.4,Y
1008,13903,Y,0.4539306389655358,61397.49702026221,139,Normal,378.0,145.2,924.0,829.0,748.8,2501.8,Y
1009,14001,Y,0.5304924448309599,68980.53278688525,140,Normal,162.0,109.2,247.0,534.0,495.59999999999997,1276.6,Y
1010,14004,Y,0.4752101561159718,70036.10108303248,140,Normal,155.0,90.0,715.0,620.0,398.4,1733.4,Y
1011,14005,Y,0.4508393285371702,60904.25531914893,140,Normal,55.0,0.0,101.0,106.0,103.8,310.8,Y
1012,14006,Y,0.4945756222080408,61612.90322580645,140,Normal,152.0,33.6,457.0,494.0,318.0,1269.0,Y
1013,14008,N,0.5018820577164367,53125.0,140,High,0.0,0.0,60.0,38.0,105.0,203.0,Y
1014,14009,Y,0.489318970239182,59561.56716417911,140,High,122.0,91.6,278.0,279.0,170.4,727.4,Y
1015,14011,Y,0.3721955647775904,63153.31010452961,140,Normal,140.0,0.0,392.0,300.0,203.4,895.4,Y
1016,14012,Y,0.3708609271523179,59933.03571428572,140,High,8.0,0.0,162.0,242.0,123.0,527.0,Y
1017,14013,N,0.4357798165137614,54769.73684210526,140,High,0.0,0.0,65.0,189.0,69.0,323.0,Y
1018,14020,Y,0.4531681668300508,57153.392330383474,140,High,735.0,331.6,923.0,1170.0,802.8,2895.8,Y
1019,14024,Y,0.4520464263897373,64695.94594594595,140,Normal,8.0,0.0,95.0,155.0,102.6,352.6,Y
1020,14025,Y,0.4235482152370804,77830.18867924529,140,Normal,114.0,42.0,147.0,125.0,108.0,380.0,Y
1021,14026,N,0.8893280632411067,73333.33333333333,140,High,0.0,0.0,65.0,0.0,0.0,65.0,Y
1022,14027,N,0.4912956632303704,67489.68771428,140,Normal,0.0,0.0,0.0,0.0,0.0,0.0,Y
1023,14028,N,0.4884318766066838,67105.26315789473,140,Normal,0.0,0.0,45.0,79.0,45.6,169.6,Y
1024,14029,N,0.4912956632303704,67489.68771428,140,Normal,0.0,0.0,0.0,0.0,0.0,0.0,Y
1025,14030,N,0.3667481662591687,62000.0,140,Normal,0.0,0.0,219.0,159.0,51.6,429.6,Y
1026,14031,Y,0.5482705214248839,86440.6779661017,140,Normal,123.0,39.8,179.0,695.0,268.8,1142.8,Y
1027,14032,Y,0.445516458569807,95222.92993630574,140,Normal,132.0,33.599999999999994,538.0,700.0,530.4,1768.4,Y
1028,14033,N,0.8493150684931506,79939.51612903224,140,High,0.0,0.0,98.0,76.0,40.199999999999996,214.2,Y
1029,14034,N,0.3302825308396339,61897.59036144578,140,Normal,0.0,0.0,69.0,125.0,58.8,252.8,Y
1030,14035,N,0.4912956632303704,67489.68771428,140,Normal,0.0,0.0,0.0,17.0,0.0,17.0,Y
1031,14036,Y,0.4365519792822789,68167.37288135593,140,Normal,59.0,6.6,289.0,183.0,106.8,578.8,Y
1032,14037,N,0.6438213914849429,69758.06451612903,140,High,0.0,0.0,12.0,55.0,16.8,83.8,Y
1033,14039,N,0.4912956632303704,67489.68771428,140,Normal,0.0,0.0,4.0,7.0,0.0,11.0,Y
1034,14040,Y,0.5780989438576987,67307.6923076923,140,Normal,53.0,40.4,136.0,75.0,103.8,314.8,Y
1035,14041,N,0.4912956632303704,67489.68771428,140,Normal,0.0,0.0,0.0,12.0,3.0,15.0,Y
1036,14042,Y,0.395185101067454,51652.29885057471,140,High,39.0,23.4,263.0,272.0,151.79999999999998,686.8,Y
1037,14043,Y,0.5177253769650305,61260.65065840434,140,Normal,849.0,508.2,1139.0,1261.0,967.1999999999999,3367.2,Y
1038,14047,Y,0.5043110460387181,66693.54838709677,140,Normal,178.0,112.0,282.0,305.0,57.0,644.0,Y
1039,14048,Y,0.4374453193350831,47730.769230769234,140,High,496.0,235.2,767.0,657.0,384.0,1808.0,Y
1040,14051,Y,0.5494505494505495,96244.23963133642,140,Normal,384.0,178.39999999999998,1083.0,1257.0,705.0,3045.0,Y
1041,14052,Y,0.5239064089521872,84641.3160733549,140,Normal,329.0,153.0,607.0,910.0,521.4,2038.4,Y
1042,14054,N,0.471976401179941,62890.625,140,Normal,0.0,0.0,65.0,167.0,51.6,283.6,Y
1043,14055,N,0.5017182130584192,69178.08219178082,140,Normal,0.0,0.0,31.0,10.0,56.4,97.4,Y
1044,14056,N,0.4912956632303704,67489.68771428,140,Normal,0.0,0.0,0.0,0.0,35.4,35.4,Y
1045,14057,Y,0.5437044745057232,73714.1148325359,140,Normal,107.0,56.0,373.0,318.0,356.4,1047.4,Y
1046,14058,Y,0.4194352159468438,63985.14851485149,140,Normal,40.0,0.0,258.0,279.0,91.8,628.8,Y
1047,14059,Y,0.5192647211548448,85000.0,140,Normal,339.0,136.0,699.0,655.0,308.4,1662.4,Y
1048,14060,N,0.5617977528089888,52500.0,140,High,0.0,0.0,2.0,22.0,3.5999999999999996,27.6,Y
1049,14061,N,0.4912956632303704,67489.68771428,140,Normal,0.0,0.0,0.0,2.0,2.4,4.4,Y
1050,14062,N,0.4767763764995386,59435.48387096774,140,High,0.0,0.0,181.0,128.0,190.79999999999998,499.79999999999995,Y
1051,14063,Y,0.3954888363941172,65269.74951830443,140,Normal,336.0,188.0,440.0,471.0,319.2,1230.2,Y
1052,14065,N,0.4579278763594734,55781.25,140,High,0.0,0.0,89.0,124.0,87.0,300.0,Y
1053,14067,Y,0.6231380337636544,62749.00398406375,140,High,72.0,9.6,154.0,183.0,164.4,501.4,Y
1054,14069,N,0.6349206349206349,74062.5,140,High,0.0,0.0,61.0,5.0,26.4,92.4,Y
1055,14070,Y,0.3653410927901713,54811.94690265487,140,High,84.0,24.799999999999997,469.0,414.0,297.59999999999997,1180.6,Y
1056,14072,Y,0.5285767650354875,82133.39222614841,140,Normal,841.0,417.99999999999994,1195.0,1014.0,695.4,2904.4,Y
1057,14080,Y,0.5005931198102017,72334.1232227488,140,Normal,107.0,53.8,254.0,178.0,167.4,599.4,Y
1058,14082,Y,0.3427719821162444,62500.0,140,Normal,8.0,0.0,17.0,83.0,45.0,145.0,Y
1059,14083,N,0.4912956632303704,67489.68771428,140,Normal,0.0,0.0,0.0,0.0,0.0,0.0,Y
1060,14085,Y,0.4880694143167028,83549.38271604937,140,Normal,211.0,117.39999999999999,413.0,701.0,349.8,1463.8,Y
1061,14086,Y,0.5318755160730048,80072.26980728052,140,Normal,740.0,356.00000000000006,1798.0,2014.0,1005.0,4817.0,Y
1062,14091,Y,0.3875,55040.32258064516,140,High,8.0,0.0,102.0,127.0,91.2,320.2,Y
1063,14092,Y,0.5645314578977381,75968.01346801347,140,Normal,177.0,116.80000000000001,319.0,338.0,260.4,917.4,Y
1064,14098,N,0.4513668150031786,59683.098591549286,140,High,0.0,0.0,261.0,219.0,139.2,619.2,Y
1065,14101,N,0.4395008138903961,53703.70370370371,141,High,0.0,0.0,77.0,106.0,64.8,247.8,Y
1066,14102,N,0.4233870967741935,77579.36507936507,141,Normal,0.0,0.0,13.0,104.0,44.4,161.4,Y
1067,14105,Y,0.4270670826833073,60216.89497716895,141,Normal,8.0,0.0,362.0,370.0,136.79999999999998,868.8,Y
1068,14109,N,0.5232652057998761,65156.35086542413,141,Normal,0.0,0.0,0.0,0.0,0.0,0.0,Y
1069,14111,Y,0.492063492063492,64193.54838709677,141,Normal,16.0,0.0,117.0,166.0,150.0,433.0,Y
1070,14112,N,0.5232652057998761,65156.35086542413,141,Normal,0.0,0.0,0.0,0.0,0.0,0.0,Y
1071,14113,N,0.5539358600583091,67105.26315789473,141,Normal,0.0,0.0,49.0,8.0,27.599999999999998,84.6,Y
1072,14120,Y,0.516503805106498,66030.95030514385,141,Normal,968.0,429.59999999999997,2510.0,1936.0,1351.8,5797.8,Y
1073,14125,N,0.4776536312849162,59137.42690058479,141,High,0.0,0.0,147.0,158.0,105.0,410.0,Y
1074,14126,N,0.5232652057998761,65156.35086542413,141,Normal,0.0,0.0,0.0,33.0,0.0,33.0,Y
1075,14127,Y,0.5360172256296489,87933.65794278758,141,Normal,1125.0,658.5999999999999,1666.0,1964.0,983.4,4613.4,Y
1076,14129,N,0.4769230769230769,57258.06451612903,141,High,0.0,0.0,44.0,77.0,42.0,163.0,Y
1077,14130,N,0.5232652057998761,65156.35086542413,141,Normal,0.0,0.0,0.0,4.0,16.8,20.8,Y
1078,14132,Y,0.4440125579309313,66792.9292929293,141,Normal,101.0,38.2,201.0,553.0,321.59999999999997,1075.6,Y
1079,14134,N,0.99,54166.66666666666,141,High,0.0,0.0,6.0,5.0,0.0,11.0,Y
1080,14135,N,0.5232652057998761,65156.35086542413,141,Normal,0.0,0.0,0.0,0.0,11.4,11.4,Y
1081,14136,Y,0.4529480671612651,58189.6551724138,141,High,16.0,0.0,234.0,206.0,162.0,602.0,Y
1082,14138,Y,0.4291845493562232,54062.5,141,High,66.0,18.799999999999997,83.0,153.0,47.4,283.4,Y
1083,14139,N,0.5689488910318226,76165.25423728814,141,Normal,0.0,0.0,134.0,201.0,152.4,487.4,Y
1084,14143,N,0.6238185255198487,66666.66666666667,141,High,0.0,0.0,49.0,92.0,51.0,192.0,Y
1085,14145,Y,0.6467661691542289,69391.02564102564,141,High,32.0,0.0,106.0,30.0,16.8,152.8,Y
1086,14166,N,0.5232652057998761,65156.35086542413,141,Normal,0.0,0.0,0.0,0.0,0.0,0.0,Y
1087,14167,N,0.412647374062165,65259.74025974026,141,Normal,0.0,0.0,132.0,84.0,41.4,257.4,Y
1088,14168,N,0.5232652057998761,65156.35086542413,141,Normal,0.0,0.0,0.0,0.0,0.0,0.0,Y
1089,14169,N,0.5232652057998761,65156.35086542413,141,Normal,0.0,0.0,0.0,0.0,0.0,0.0,Y
1090,14170,N,0.5488079172289698,79610.65573770492,141,Normal,0.0,0.0,80.0,196.0,105.6,381.6,Y
1091,14171,Y,0.5919003115264797,60394.73684210526,141,Normal,40.0,12.0,75.0,55.0,45.6,175.6,Y
1092,14172,Y,0.507926237463604,68391.71974522293,141,Normal,16.0,0.0,126.0,168.0,109.2,403.2,Y
1093,14174,Y,0.5107055107055107,75816.15120274914,141,Normal,214.0,112.8,285.0,283.0,234.0,802.0,Y
1094,14201,Y,0.3858036916739285,45302.87474332649,142,High,596.0,185.2,759.0,812.0,586.8,2157.8,Y
1095,14204,Y,0.4643882076702322,39009.83146067416,142,High,410.0,61.599999999999994,469.0,345.0,229.79999999999998,1043.8,Y
1096,14206,Y,0.4312804934180245,42796.157950907145,142,High,308.0,136.0,934.0,1337.0,828.0,3099.0,Y
1097,14207,Y,0.3980699638118214,35948.19159335288,142,High,830.0,246.20000000000002,1603.0,2558.0,1278.0,5439.0,Y
1098,14208,Y,0.3358714043993231,34225.44080604534,142,High,467.0,128.8,701.0,393.0,352.8,1446.8,Y
1099,14212,Y,0.3527641970665663,34781.44989339019,142,High,290.0,178.60000000000002,1077.0,976.0,744.0,2797.0,Y
1100,14213,Y,0.4015846538782318,40939.77154724819,142,High,478.0,136.4,2037.0,1963.0,886.8,4886.8,Y
1101,14216,Y,0.457745012287059,65150.13648771611,142,Normal,338.0,160.2,1632.0,960.0,442.2,3034.2,Y
1102,14217,Y,0.5082675275947821,62811.15879828326,142,Normal,401.0,277.6,865.0,1442.0,643.8,2950.8,Y
1103,14218,Y,0.4217615590370653,48117.21404303512,142,High,636.0,280.0,1646.0,1273.0,570.0,3489.0,Y
1104,14219,Y,0.5472636815920398,57428.45117845118,142,High,179.0,60.199999999999996,338.0,448.0,277.8,1063.8,Y
1105,14221,Y,0.5086188165423337,86957.10217159131,142,Normal,2314.0,906.6,3113.0,2743.0,1720.8,7576.8,Y
1106,14222,Y,0.3766514227642276,74262.22596964586,142,Normal,201.0,159.4,928.0,404.0,230.39999999999998,1562.4,Y
1107,14223,Y,0.5435459478694067,66673.48608837971,142,Normal,515.0,223.0,1228.0,944.0,600.6,2772.6,Y
1108,14224,Y,0.5392072646950546,68565.08875739646,142,Normal,763.0,456.8,1953.0,1895.0,1098.0,4946.0,Y
1109,14226,Y,0.5018276227240119,74149.08100748809,142,Normal,1002.0,361.79999999999995,1486.0,1782.0,1065.0,4333.0,Y
1110,14227,Y,0.5583946739181396,59225.44080604534,142,High,421.0,265.0,1058.0,891.0,500.4,2449.4,Y
1111,14228,Y,0.413371675053918,68103.86473429951,142,Normal,794.0,471.6,1235.0,1412.0,760.1999999999999,3407.2,Y
1112,14261,N,0.44471765429790855,54770.17279024493,142,High,0.0,0.0,0.0,0.0,0.0,0.0,Y
1113,14301,Y,0.3942062381696979,36560.54279749478,143,High,388.0,102.0,665.0,552.0,357.59999999999997,1574.6,Y
1114,14302,N,0.4323528373524603,44372.99603977335,143,High,0.0,0.0,0.0,0.0,0.0,0.0,Y
1115,14303,Y,0.3815554473128754,36489.36170212766,143,High,111.0,10.0,483.0,731.0,185.4,1399.4,Y
1116,14411,Y,0.4346446700507614,53375.912408759126,144,High,140.0,67.6,272.0,483.0,391.2,1146.2,Y
1117,14413,N,0.4868172654581102,66266.35542427292,144,Normal,0.0,0.0,0.0,0.0,0.0,0.0,Y
1118,14415,N,0.4868172654581102,66266.35542427292,144,Normal,0.0,0.0,7.0,7.0,13.799999999999999,27.799999999999997,Y
1119,14416,Y,0.4921052631578947,65240.64171122995,144,Normal,80.0,28.799999999999997,220.0,187.0,96.0,503.0,Y
1120,14418,N,0.4895738893925657,64120.370370370365,144,Normal,0.0,0.0,96.0,112.0,12.0,220.0,Y
1121,14420,Y,0.4256705941338681,63501.177856301525,144,Normal,636.0,330.0,909.0,916.0,621.6,2446.6,Y
1122,14422,N,0.6125921724333523,64814.81481481481,144,High,0.0,0.0,140.0,121.0,48.0,309.0,Y
1123,14423,Y,0.4667753770892784,67521.83406113538,144,Normal,116.0,38.4,276.0,294.0,163.2,733.2,Y
1124,14427,N,0.5171411969785009,59410.11235955056,144,High,0.0,0.0,76.0,108.0,55.199999999999996,239.2,Y
1125,14428,Y,0.4868172654581102,73942.51626898047,144,Normal,76.0,0.0,561.0,219.0,200.4,980.4,Y
1126,14432,Y,0.4692028985507246,60328.185328185325,144,Normal,337.0,112.4,289.0,518.0,280.2,1087.2,Y
1127,14433,Y,0.4595545134818288,55548.4693877551,144,High,69.0,35.0,415.0,325.0,189.0,929.0,Y
1128,14435,N,0.4868172654581102,72946.42857142858,144,Normal,0.0,0.0,74.0,82.0,115.8,271.8,Y
1129,14437,Y,0.4766579406631762,58981.6933638444,144,High,394.0,20.8,302.0,381.0,310.2,993.2,Y
1130,14441,N,0.4868172654581102,54411.76470588236,144,High,0.0,0.0,11.0,31.0,10.799999999999999,52.8,Y
1131,14445,Y,0.5111197815060476,54675.572519083966,144,High,286.0,0.0,307.0,368.0,238.2,913.2,Y
1132,14453,N,0.4868172654581102,66266.35542427292,144,Normal,0.0,0.0,0.0,0.0,0.0,0.0,Y
1133,14454,Y,0.4868172654581102,74402.86624203822,144,Normal,191.0,54.2,406.0,518.0,176.4,1100.4,Y
1134,14462,N,0.4868172654581102,66810.3448275862,144,Normal,0.0,0.0,66.0,86.0,35.4,187.4,Y
1135,14464,Y,0.5213341346153846,59438.04034582133,144,High,55.0,21.6,516.0,240.0,209.4,965.4,Y
1136,14466,N,0.4868172654581102,67921.68674698795,144,Normal,0.0,0.0,42.0,113.0,9.0,164.0,Y
1137,14467,Y,0.4868172654581102,67137.09677419355,144,Normal,159.0,78.6,538.0,609.0,321.59999999999997,1468.6,Y
1138,14468,Y,0.5199830382699036,74388.37920489296,144,Normal,384.0,162.79999999999998,1019.0,992.0,965.4,2976.4,Y
1139,14469,Y,0.4868172654581102,69477.73972602739,144,Normal,96.0,0.0,265.0,222.0,159.0,646.0,Y
1140,14470,Y,0.4899399007055134,57866.66666666667,144,High,135.0,60.8,446.0,369.0,240.6,1055.6,Y
1141,14471,Y,0.4868172654581102,67763.15789473684,144,Normal,96.0,0.0,85.0,220.0,39.0,344.0,Y
1142,14472,Y,0.48582995951417,91385.13513513516,144,Normal,8.0,0.0,560.0,693.0,310.8,1563.8,Y
1143,14475,N,0.4868172654581102,77777.77777777777,144,Normal,0.0,0.0,0.0,16.0,7.8,23.8,Y
1144,14476,Y,0.4185290532303941,63713.59223300971,144,Normal,116.0,9.6,161.0,207.0,91.2,459.2,Y
1145,14477,N,0.4366028708133971,62328.76712328768,144,Normal,0.0,0.0,73.0,31.0,25.2,129.2,Y
1146,14478,N,0.3287070854638422,82500.0,144,Normal,0.0,0.0,46.0,0.0,19.8,65.8,Y
1147,14479,N,0.4868172654581102,66266.35542427292,144,Normal,0.0,0.0,0.0,0.0,0.0,0.0,Y
1148,14481,Y,0.4845070422535211,60465.11627906977,144,Normal,8.0,0.0,67.0,108.0,80.39999999999999,255.39999999999998,Y
1149,14485,Y,0.4868172654581102,69458.76288659793,144,Normal,64.0,12.0,212.0,169.0,136.2,517.2,Y
1150,14486,Y,0.6666666666666666,65441.17647058824,144,High,8.0,0.0,14.0,15.0,4.2,33.2,Y
1151,14489,Y,0.4868172654581102,54595.01557632398,144,High,48.0,33.599999999999994,484.0,286.0,357.59999999999997,1127.6,Y
1152,14502,Y,0.4745315134334199,73170.15209125476,145,Normal,389.0,210.6,673.0,697.0,306.0,1676.0,Y
1153,14505,Y,0.5187908496732027,64074.8031496063,145,Normal,148.0,0.0,204.0,296.0,234.6,734.6,Y
1154,14507,Y,0.4745315134334199,58203.125,145,High,8.0,0.0,51.0,52.0,25.8,128.8,Y
1155,14510,Y,0.4667224780242779,52578.47533632288,145,High,310.0,184.8,268.0,222.0,213.6,703.6,Y
1156,14511,N,0.4745315134334199,65941.5192779967,145,Normal,0.0,0.0,0.0,16.0,28.799999999999997,44.8,Y
1157,14512,Y,0.4745315134334199,63656.38766519824,145,Normal,44.0,0.0,153.0,221.0,154.2,528.2,Y
1158,14513,Y,0.4745315134334199,53929.69984202211,145,High,436.0,268.8,674.0,856.0,433.8,1963.8,Y
1159,14515,N,0.4745315134334199,65941.5192779967,145,Normal,0.0,0.0,0.0,0.0,0.0,0.0,Y
1160,14516,N,0.4271457085828343,61682.2429906542,145,Normal,0.0,0.0,191.0,197.0,76.2,464.2,Y
1161,14517,Y,0.4745315134334199,59523.80952380953,145,High,16.0,0.0,118.0,166.0,111.0,395.0,Y
1162,14519,Y,0.4745315134334199,73902.82131661441,145,Normal,310.0,117.2,650.0,832.0,433.2,1915.2,Y
1163,14521,Y,0.368389780154486,57056.45161290322,145,High,8.0,0.0,211.0,205.0,112.8,528.8,Y
1164,14522,Y,0.4745315134334199,60050.67567567567,145,Normal,41.0,19.799999999999997,435.0,545.0,289.2,1269.2,Y
1165,14525,Y,0.5086750788643533,65213.17829457364,145,Normal,91.0,0.0,148.0,137.0,106.2,391.2,Y
1166,14526,Y,0.5451413517073666,88289.96282527881,145,Normal,779.0,165.2,1296.0,1074.0,871.8,3241.8,Y
1167,14527,Y,0.4745315134334199,61345.81881533101,145,Normal,359.0,142.6,835.0,769.0,479.4,2083.4,Y
1168,14529,N,0.4745315134334199,65941.5192779967,145,Normal,0.0,0.0,0.0,0.0,0.0,0.0,Y
1169,14530,Y,0.4745315134334199,56451.6129032258,145,High,151.0,30.599999999999998,312.0,446.0,278.4,1036.4,Y
1170,14533,N,0.4745315134334199,64610.38961038961,145,Normal,0.0,0.0,134.0,90.0,66.6,290.6,Y
1171,14534,Y,0.4745315134334199,108252.72067714632,145,Normal,1133.0,312.6,1951.0,2361.0,1390.8,5702.8,Y
1172,14536,Y,0.4510108864696734,52586.206896551725,145,High,20.0,0.0,29.0,27.0,14.399999999999999,70.4,Y
1173,14537,N,0.4745315134334199,65941.5192779967,145,Normal,0.0,0.0,0.0,0.0,0.0,0.0,Y
1174,14541,Y,0.2923497267759563,65070.09345794392,145,Normal,8.0,0.0,196.0,206.0,172.79999999999998,574.8,Y
1175,14542,N,0.4745315134334199,65941.5192779967,145,Normal,0.0,0.0,0.0,0.0,0.0,0.0,Y
1176,14546,Y,0.4959349593495935,68032.7868852459,145,Normal,69.0,0.0,362.0,231.0,43.8,636.8,Y
1177,14548,N,0.4745315134334199,59821.428571428565,145,High,0.0,0.0,113.0,192.0,130.2,435.2,Y
1178,14549,N,0.4745315134334199,65941.5192779967,145,Normal,0.0,0.0,61.0,0.0,0.0,61.0,Y
1179,14550,Y,0.4745315134334199,55921.05263157895,145,High,8.0,0.0,43.0,130.0,53.4,226.4,Y
1180,14551,Y,0.4745315134334199,52043.72623574144,145,High,46.0,22.799999999999997,164.0,194.0,110.39999999999999,468.4,Y
1181,14555,N,0.4745315134334199,74489.79591836734,145,Normal,0.0,0.0,70.0,34.0,25.8,129.8,Y
1182,14556,N,0.4745315134334199,65941.5192779967,145,Normal,0.0,0.0,0.0,0.0,0.0,0.0,Y
1183,14557,N,0.4745315134334199,65941.5192779967,145,Normal,0.0,0.0,6.0,5.0,0.0,11.0,Y
1184,14560,Y,0.4405086285195277,66108.24742268042,145,Normal,16.0,0.0,62.0,111.0,78.0,251.0,Y
1185,14561,N,0.5793450881612091,64039.85507246376,145,Normal,0.0,0.0,56.0,83.0,122.39999999999999,261.4,Y
1186,14568,Y,0.4835407150732398,74633.55048859934,145,Normal,117.0,0.0,213.0,187.0,387.0,787.0,Y
1187,14571,N,0.4745315134334199,56153.84615384616,145,High,0.0,0.0,40.0,18.0,3.5999999999999996,61.6,Y
1188,14572,Y,0.4745315134334199,57254.46428571428,145,High,138.0,45.4,175.0,413.0,302.4,890.4,Y
1189,14585,N,0.4745315134334199,43269.23076923077,145,High,0.0,0.0,0.0,0.0,0.0,0.0,Y
1190,14588,N,0.4745315134334199,65941.5192779967,145,Normal,0.0,0.0,0.0,0.0,0.0,0.0,Y
1191,14590,Y,0.4430997462424361,56718.06167400882,145,High,62.0,27.599999999999998,112.0,223.0,254.39999999999998,589.4,Y
1192,14591,Y,0.4745315134334199,59603.65853658537,145,High,72.0,0.0,99.0,66.0,40.199999999999996,205.2,Y
1193,14592,N,0.4745315134334199,65941.5192779967,145,Normal,0.0,0.0,0.0,0.0,0.0,0.0,Y
1194,14607,Y,0.46830018772880516,55323.19391634982,146,High,234.0,126.80000000000001,284.0,71.0,175.2,530.2,Y
1195,14608,Y,0.3712910986367281,34881.20950323974,146,High,764.0,270.4,726.0,840.0,411.59999999999997,1977.6,Y
1196,14610,Y,0.46830018772880516,81492.63721552878,146,Normal,237.0,63.4,629.0,514.0,335.4,1478.4,Y
1197,14615,Y,0.46830018772880516,44604.76787954831,146,High,465.0,126.99999999999999,1609.0,786.0,706.1999999999999,3101.2,Y
1198,14616,Y,0.46830018772880516,51675.08417508417,146,High,428.0,164.39999999999998,1448.0,2019.0,1270.2,4737.2,Y
1199,14617,Y,0.5516143701682583,71856.96619950536,146,Normal,670.0,245.6,941.0,1388.0,871.1999999999999,3200.2,Y
1200,14620,Y,0.46830018772880516,58530.805687203785,146,High,676.0,415.0,535.0,713.0,365.4,1613.4,Y
1201,14622,Y,0.5152701644479248,61208.20668693009,146,Normal,211.0,24.0,688.0,614.0,406.2,1708.2,Y
1202,14626,Y,0.46830018772880516,65426.18900555899,146,Normal,628.0,301.8,1477.0,1135.0,839.4,3451.4,Y
1203,14627,N,0.46830018772880516,55796.97566928197,146,High,0.0,0.0,0.0,0.0,0.0,0.0,Y
1204,14642,N,0.46830018772880516,55796.97566928197,146,High,0.0,0.0,0.0,0.0,0.0,0.0,Y
1205,14706,Y,0.48426282023836875,67712.01413427563,147,Normal,76.0,4.8,287.0,368.0,244.79999999999998,899.8,Y
1206,14707,N,0.48426282023836875,56685.289387472534,147,High,0.0,0.0,7.0,3.0,3.5999999999999996,13.6,Y
1207,14708,N,0.48426282023836875,56685.289387472534,147,High,0.0,0.0,9.0,0.0,4.8,13.8,Y
1208,14709,N,0.5564516129032258,54891.30434782609,147,High,0.0,0.0,56.0,59.0,45.0,160.0,Y
1209,14710,N,0.5056,63370.25316455697,147,Normal,0.0,0.0,106.0,258.0,156.0,520.0,Y
1210,14711,N,0.48426282023836875,52702.70270270271,147,High,0.0,0.0,115.0,164.0,99.6,378.6,Y
1211,14712,Y,0.48426282023836875,73214.28571428572,147,Normal,56.0,0.0,88.0,73.0,57.0,218.0,Y
1212,14714,N,0.48426282023836875,56250.0,147,High,0.0,0.0,64.0,40.0,18.0,122.0,Y
1213,14715,Y,0.48426282023836875,50548.24561403509,147,High,45.0,18.2,132.0,104.0,83.39999999999999,319.4,Y
1214,14718,Y,0.48426282023836875,61206.89655172415,147,Normal,7.0,0.0,90.0,90.0,77.39999999999999,257.4,Y
1215,14719,Y,0.48426282023836875,54999.99999999999,147,High,16.0,0.0,163.0,229.0,99.0,491.0,Y
1216,14720,N,0.48426282023836875,56685.289387472534,147,High,0.0,0.0,34.0,31.0,24.599999999999998,89.6,Y
1217,14721,N,0.48426282023836875,56685.289387472534,147,High,0.0,0.0,0.0,13.0,0.0,13.0,Y
1218,14722,N,0.48426282023836875,56685.289387472534,147,High,0.0,0.0,0.0,0.0,0.0,0.0,Y
1219,14723,N,0.48426282023836875,59210.526315789466,147,High,0.0,0.0,69.0,45.0,51.6,165.6,Y
1220,14724,N,0.365482233502538,58449.07407407407,147,High,0.0,0.0,237.0,312.0,239.39999999999998,788.4,Y
1221,14726,N,0.1421800947867298,48397.4358974359,147,High,0.0,0.0,433.0,446.0,163.79999999999998,1042.8,Y
1222,14728,N,0.48426282023836875,62228.260869565216,147,Normal,0.0,0.0,25.0,94.0,39.6,158.6,Y
1223,14729,N,0.4920049200492005,62812.5,147,Normal,0.0,0.0,38.0,61.0,17.4,116.4,Y
1224,14732,N,0.48426282023836875,56685.289387472534,147,High,0.0,0.0,0.0,0.0,3.0,3.0,Y
1225,14735,N,0.48426282023836875,53155.33980582525,147,High,0.0,0.0,157.0,260.0,117.0,534.0,Y
1226,14736,N,0.99,60795.454545454544,147,High,0.0,0.0,8.0,3.0,0.0,11.0,Y
1227,14737,Y,0.48426282023836875,56104.6511627907,147,High,182.0,12.0,232.0,332.0,163.2,727.2,Y
1228,14738,Y,0.48426282023836875,58773.29192546583,147,High,75.0,0.0,144.0,210.0,136.79999999999998,490.79999999999995,Y
1229,14739,Y,0.48426282023836875,47351.69491525424,147,High,129.0,42.2,174.0,152.0,98.39999999999999,424.4,Y
1230,14740,N,0.4856115107913669,60416.66666666666,147,Normal,0.0,0.0,35.0,60.0,26.4,121.4,Y
1231,14742,N,0.48426282023836875,56685.289387472534,147,High,0.0,0.0,0.0,0.0,0.0,0.0,Y
1232,14744,N,0.48426282023836875,56510.41666666666,147,High,0.0,0.0,65.0,55.0,70.8,190.8,Y
1233,14747,Y,0.4582730342498794,52631.57894736842,147,High,15.0,0.0,156.0,101.0,96.6,353.6,Y
1234,14748,N,0.48426282023836875,50446.42857142857,147,High,0.0,0.0,16.0,26.0,15.6,57.6,Y
1235,14752,N,0.48426282023836875,56685.289387472534,147,High,0.0,0.0,0.0,60.0,0.0,60.0,Y
1236,14753,N,0.48426282023836875,48437.5,147,High,0.0,0.0,40.0,53.0,25.8,118.8,Y
1237,14754,N,0.48426282023836875,55833.33333333333,147,High,0.0,0.0,46.0,20.0,13.2,79.2,Y
1238,14755,N,0.48426282023836875,53822.31404958678,147,High,0.0,0.0,128.0,217.0,72.6,417.6,Y
1239,14756,N,0.48426282023836875,56685.289387472534,147,High,0.0,0.0,0.0,0.0,0.0,0.0,Y
1240,14767,Y,0.3222958057395143,54623.28767123287,147,High,16.0,0.0,101.0,219.0,100.8,420.8,Y
1241,14769,Y,0.48426282023836875,53197.67441860465,147,High,16.0,0.0,60.0,52.0,27.0,139.0,Y
1242,14770,Y,0.4466759002770083,55523.25581395349,147,High,70.0,9.0,137.0,197.0,133.79999999999998,467.79999999999995,Y
1243,14772,Y,0.4107187578261958,57164.634146341465,147,High,108.0,19.2,256.0,253.0,134.4,643.4,Y
1244,14775,N,0.48426282023836875,49107.14285714286,147,High,0.0,0.0,132.0,256.0,73.8,461.8,Y
1245,14777,N,0.48426282023836875,56250.0,147,High,0.0,0.0,20.0,39.0,25.2,84.2,Y
1246,14778,N,0.48426282023836875,56685.289387472534,147,High,0.0,0.0,3.0,0.0,0.0,3.0,Y
1247,14779,Y,0.48426282023836875,45616.319444444445,147,High,335.0,126.19999999999999,380.0,620.0,247.2,1247.2,Y
1248,14781,N,0.48426282023836875,52808.98876404494,147,High,0.0,0.0,173.0,63.0,90.0,326.0,Y
1249,14782,Y,0.48426282023836875,54947.91666666666,147,High,36.0,21.599999999999998,66.0,99.0,65.39999999999999,230.39999999999998,Y
1250,14783,N,0.48426282023836875,56685.289387472534,147,High,0.0,0.0,0.0,4.0,1.7999999999999998,5.8,Y
1251,14784,N,0.48426282023836875,50937.5,147,High,0.0,0.0,26.0,10.0,67.8,103.8,Y
1252,14785,N,0.48426282023836875,56685.289387472534,147,High,0.0,0.0,0.0,0.0,0.0,0.0,Y
1253,14787,Y,0.48426282023836875,57070.13574660634,147,High,53.0,0.0,193.0,373.0,223.2,789.2,Y
1254,14788,N,0.48426282023836875,56685.289387472534,147,High,0.0,0.0,0.0,0.0,0.6,0.6,Y
1255,14801,Y,0.565555646797264,57912.84403669726,148,High,136.0,0.0,448.0,355.0,283.2,1086.2,Y
1256,14803,Y,0.565555646797264,63679.24528301887,148,Normal,24.0,0.0,110.0,142.0,76.2,328.2,Y
1257,14804,Y,0.565555646797264,60685.48387096774,148,Normal,28.0,0.0,43.0,103.0,70.8,216.8,Y
1258,14806,Y,0.4513727315030246,58762.886597938144,148,High,16.0,0.0,127.0,111.0,92.39999999999999,330.4,Y
1259,14807,Y,0.565555646797264,62590.57971014493,148,Normal,76.0,0.0,221.0,133.0,153.6,507.6,Y
1260,14808,N,0.565555646797264,48557.69230769231,148,High,0.0,0.0,10.0,14.0,19.8,43.8,Y
1261,14809,Y,0.565555646797264,55168.269230769234,148,High,60.0,0.0,231.0,309.0,122.39999999999999,662.4,Y
1262,14812,N,0.565555646797264,57939.18918918919,148,High,0.0,0.0,94.0,130.0,120.0,344.0,Y
1263,14813,Y,0.565555646797264,55392.15686274511,148,High,8.0,0.0,145.0,150.0,76.2,371.2,Y
1264,14814,Y,0.565555646797264,81691.9191919192,148,Normal,139.0,34.2,153.0,210.0,93.0,456.0,Y
1265,14815,N,0.565555646797264,59821.42857142857,148,High,0.0,0.0,30.0,33.0,34.8,97.8,Y
1266,14816,N,0.565555646797264,58984.375,148,High,0.0,0.0,25.0,53.0,4.2,82.2,Y
1267,14818,N,0.565555646797264,68206.52173913043,148,Normal,0.0,0.0,23.0,50.0,52.199999999999996,125.19999999999999,Y
1268,14819,N,0.565555646797264,47321.428571428565,148,High,0.0,0.0,47.0,98.0,40.199999999999996,185.2,Y
1269,14820,N,0.565555646797264,59051.72413793103,148,High,0.0,0.0,55.0,42.0,24.0,121.0,Y
1270,14821,Y,0.565555646797264,61019.73684210526,148,Normal,24.0,0.0,134.0,145.0,141.0,420.0,Y
1271,14822,N,0.565555646797264,52659.57446808511,148,High,0.0,0.0,67.0,53.0,24.599999999999998,144.6,Y
1272,14823,Y,0.565555646797264,56682.389937106906,148,High,52.0,0.0,174.0,125.0,179.4,478.4,Y
1273,14824,N,0.565555646797264,54687.5,148,High,0.0,0.0,58.0,86.0,11.4,155.4,Y
1274,14825,N,0.565555646797264,55902.77777777778,148,High,0.0,0.0,14.0,15.0,55.8,84.8,Y
1275,14826,Y,0.565555646797264,57303.37078651685,148,High,16.0,0.0,117.0,92.0,96.6,305.6,Y
1276,14827,N,0.565555646797264,59311.08961526542,148,High,0.0,0.0,0.0,0.0,0.0,0.0,Y
1277,14836,N,0.565555646797264,62500.0,148,Normal,0.0,0.0,19.0,41.0,7.199999999999999,67.2,Y
1278,14837,Y,0.565555646797264,57626.14678899083,148,High,31.0,0.0,355.0,344.0,322.8,1021.8,Y
1279,14838,Y,0.565555646797264,60465.11627906977,148,Normal,16.0,0.0,105.0,151.0,62.4,318.4,Y
1280,14839,N,0.565555646797264,51612.90322580645,148,High,0.0,0.0,7.0,14.0,14.399999999999999,35.4,Y
1281,14840,Y,0.565555646797264,76490.06622516557,148,Normal,75.0,0.0,82.0,106.0,38.4,226.4,Y
1282,14841,N,0.565555646797264,68452.38095238095,148,Normal,0.0,0.0,25.0,62.0,58.8,145.8,Y
1283,14842,N,0.565555646797264,62878.78787878789,148,Normal,0.0,0.0,191.0,64.0,6.0,261.0,Y
1284,14846,N,0.565555646797264,58984.375,148,High,0.0,0.0,37.0,58.0,87.0,182.0,Y
1285,14853,N,0.565555646797264,29807.69230769231,148,High,0.0,0.0,0.0,0.0,0.0,0.0,Y
1286,14854,N,0.565555646797264,59311.08961526542,148,High,0.0,0.0,0.0,0.0,0.0,0.0,Y
1287,14855,N,0.565555646797264,48263.88888888888,148,High,0.0,0.0,95.0,89.0,52.199999999999996,236.2,Y
1288,14856,N,0.565555646797264,59311.08961526542,148,High,0.0,0.0,0.0,0.0,0.0,0.0,Y
1289,14859,N,0.565555646797264,55882.35294117648,148,High,0.0,0.0,71.0,41.0,46.199999999999996,158.2,Y
1290,14860,N,0.565555646797264,57107.8431372549,148,High,0.0,0.0,102.0,63.0,25.8,190.8,Y
1291,14861,N,0.565555646797264,53389.83050847458,148,High,0.0,0.0,24.0,29.0,71.39999999999999,124.39999999999999,Y
1292,14864,N,0.565555646797264,52455.357142857145,148,High,0.0,0.0,63.0,57.0,68.39999999999999,188.39999999999998,Y
1293,14865,Y,0.565555646797264,60668.103448275855,148,Normal,95.0,57.0,125.0,157.0,76.8,358.8,Y
1294,14867,Y,0.565555646797264,56959.70695970696,148,High,26.0,0.0,258.0,265.0,203.4,726.4,Y
1295,14871,Y,0.565555646797264,72656.25,148,Normal,60.0,0.0,330.0,151.0,214.2,695.2,Y
1296,14872,N,0.565555646797264,52403.84615384616,148,High,0.0,0.0,18.0,76.0,21.0,115.0,Y
1297,14873,Y,0.565555646797264,53068.181818181816,148,High,91.0,21.0,113.0,117.0,85.2,315.2,Y
1298,14874,N,0.565555646797264,59722.22222222222,148,High,0.0,0.0,10.0,24.0,10.799999999999999,44.8,Y
1299,14877,N,0.565555646797264,58333.33333333333,148,High,0.0,0.0,42.0,53.0,15.6,110.6,Y
1300,14878,N,0.565555646797264,59926.470588235294,148,High,0.0,0.0,56.0,96.0,36.0,188.0,Y
1301,14882,Y,0.565555646797264,78542.78074866309,148,Normal,16.0,0.0,258.0,266.0,279.0,803.0,Y
1302,14883,Y,0.565555646797264,59325.39682539682,148,High,32.0,0.0,328.0,247.0,136.2,711.2,Y
1303,14884,Y,0.565555646797264,54166.66666666666,148,High,30.0,25.2,33.0,37.0,10.2,80.2,Y
1304,14885,Y,0.565555646797264,50000.0,148,High,39.0,23.4,15.0,64.0,32.4,111.4,Y
1305,14886,Y,0.565555646797264,71253.82262996942,148,Normal,116.0,57.6,201.0,360.0,285.0,846.0,Y
1306,14889,Y,0.565555646797264,56066.17647058824,148,High,60.0,0.0,87.0,94.0,54.0,235.0,Y
1307,14891,Y,0.565555646797264,58128.078817734,148,High,157.0,49.199999999999996,315.0,182.0,102.0,599.0,Y
1308,14892,Y,0.565555646797264,55246.47887323944,148,High,52.0,9.6,237.0,373.0,255.6,865.6,Y
1309,14893,N,0.565555646797264,59311.08961526542,148,High,0.0,0.0,0.0,0.0,10.799999999999999,10.799999999999999,Y
1310,14894,N,0.565555646797264,54025.42372881356,148,High,0.0,0.0,85.0,104.0,19.8,208.8,Y
1311,14897,Y,0.565555646797264,54044.117647058825,148,High,16.0,12.8,51.0,80.0,33.0,164.0,Y
1312,14898,N,0.565555646797264,54464.28571428572,148,High,0.0,0.0,130.0,89.0,29.4,248.4,Y
