zipcode,Build_Small,Build_Medium,Build_Large,New_Total,U5_From_New,New_U5,Existing_Total,Expand_Total,Need_Total,Meet_Total_Demand,Existing_U5,Expand_U5,Need_U5,Meet_U5_Demand,Desert_Eliminated,Cost_Build,Cost_ExpandBase,Cost_U5_Equip,Total_Cost
10001,0,0,0,0,0,0,609,496,698,TRUE,0,496,496,TRUE,TRUE,0,156798.1439,49600,206398.1439
10005,0,1,1,600,300,300,39,23,413,TRUE,0,23,323,TRUE,TRUE,210000,16394.87179,32300,258694.8718
10007,0,0,1,400,200,200,284,204,410,TRUE,0,204,404,TRUE,TRUE,115000,63466.66667,40400,218866.6667
10010,0,0,4,1600,800,800,234,148,1195,TRUE,0,148,948,TRUE,TRUE,460000,50742.85714,94800,605542.8571
10012,0,0,2,800,400,400,24,9,340,TRUE,0,9,409,TRUE,TRUE,230000,13050,40900,283950
10013,0,0,2,800,400,400,435,433,1061,TRUE,0,433,833,TRUE,TRUE,230000,131911.4138,83300,445211.4138
10016,0,0,2,800,400,400,823,799,1302,TRUE,0,799,1199,TRUE,TRUE,230000,198920.7951,119900,548820.7951
10017,1,0,0,100,50,50,107,79,255,TRUE,0,79,129,TRUE,TRUE,65000,42778.7234,12900,120678.7234
10018,0,0,1,400,162,162,0,0,268,TRUE,0,0,162,TRUE,TRUE,115000,0,16200,131200
10019,0,0,1,400,200,200,591,533,1047,TRUE,0,533,733,TRUE,TRUE,115000,175867.1389,73300,364167.1389
10021,0,0,4,1600,800,800,460,392,1446,TRUE,0,392,1192,TRUE,TRUE,460000,95443.47826,119200,674643.4783
10022,0,0,4,1600,800,800,16,19,935,TRUE,0,19,819,TRUE,TRUE,460000,27550,81900,569450
10023,0,0,6,2400,1200,1200,1099,1166,2434,TRUE,0,1166,2366,TRUE,TRUE,690000,360729.4294,236600,1287329.429
10024,0,0,8,3200,1600,1600,1243,1205,2952,TRUE,9,1205,2814,TRUE,TRUE,920000,386898.585,280500,1587398.585
10025,0,0,2,800,400,400,2553,2546,3392,TRUE,54.6,2546,3000,TRUE,TRUE,230000,830460.7278,294600,1355060.728
10026,0,0,0,0,0,0,1706,1472,1828,TRUE,10.8,1472,1482,TRUE,TRUE,0,497350.716,147200,644550.716
10028,0,0,4,1600,800,800,348,325,1633,TRUE,21.6,325,1146,TRUE,TRUE,460000,85569.62025,112500,658069.6203
10029,0,0,0,0,0,0,3358,2644,4837,TRUE,0,2644,2644,TRUE,TRUE,0,866070.7367,264400,1130470.737
10033,0,0,1,400,200,200,2893,1938,3623,TRUE,0,1938,2138,TRUE,TRUE,115000,583341.8052,213800,912141.8052
10037,0,0,1,400,200,200,586,502,1283,TRUE,12.6,502,714,TRUE,TRUE,115000,194746.1538,70200,379946.1538
10039,0,0,0,0,0,0,1423,1266,2316,TRUE,0,1266,1266,TRUE,TRUE,0,396730.4045,126600,523330.4045
10044,0,0,1,400,200,200,489,426,586,TRUE,0,426,626,TRUE,TRUE,115000,142622.5545,62600,320222.5545
10065,0,0,3,1200,600,600,845,863,1367,TRUE,24,863,1487,TRUE,TRUE,345000,242688.4834,146300,733988.4834
10069,1,0,2,900,450,450,16,10,429,TRUE,0,10,460,TRUE,TRUE,295000,14500,46000,355500
10075,0,0,3,1200,600,600,235,229,841,TRUE,0,229,829,TRUE,TRUE,345000,65289.3617,82900,493189.3617
10128,0,0,8,3200,1600,1600,301,261,1887,TRUE,0,261,1861,TRUE,TRUE,920000,84622.93907,186100,1190722.939
10199,0,0,0,0,0,0,0,0,0,TRUE,0,0,0,TRUE,TRUE,0,0,0,0
10282,0,0,0,0,0,0,279,279,446,TRUE,0,279,279,TRUE,TRUE,0,76543.49442,27900,104443.4944
10301,0,0,0,0,0,0,1905,1848,2045,TRUE,6,1848,1854,TRUE,TRUE,0,581437.5375,184800,766237.5375
10302,0,0,2,800,400,400,744,492,1662,TRUE,0,492,892,TRUE,TRUE,230000,153613.9303,89200,472813.9303
10303,0,0,0,0,0,0,1629,842,2153,TRUE,0,842,842,TRUE,TRUE,0,258231.4066,84200,342431.4066
10305,0,0,3,1200,600,600,786,502,1754,TRUE,0,502,1102,TRUE,TRUE,345000,178731.2886,110200,633931.2886
10306,0,0,7,2800,1400,1400,578,338,2643,TRUE,0,338,1738,TRUE,TRUE,805000,113933.3333,173800,1092733.333
10307,0,0,3,1200,600,600,259,132,736,TRUE,0,132,732,TRUE,TRUE,345000,44482.19178,73200,462682.1918
10308,0,0,2,800,400,400,447,338,1297,TRUE,0,338,738,TRUE,TRUE,230000,113214.0351,73800,417014.0351
10309,0,0,5,2000,1000,1000,297,291,1792,TRUE,0,291,1291,TRUE,TRUE,575000,106740.4868,129100,810840.4868
10310,0,0,2,800,400,400,1168,1045,1587,TRUE,0,1045,1445,TRUE,TRUE,230000,385056.5682,144500,759556.5682
10312,0,0,7,2800,1400,1400,1140,1042,3363,TRUE,4.8,1042,2446,TRUE,TRUE,805000,311041.8585,244200,1360241.859
10454,0,0,0,0,0,0,3163,1914,3969,TRUE,0,1914,1914,TRUE,TRUE,0,575918.0163,191400,767318.0163
10457,0,0,3,1200,600,600,6559,3924,8634,TRUE,0,3924,4524,TRUE,TRUE,345000,1168531.956,452400,1965931.956
10461,0,0,4,1600,800,800,1462,1034,3960,TRUE,0,1034,1834,TRUE,TRUE,460000,326174.6082,183400,969574.6082
10462,0,0,7,2800,1400,1400,3425,2321,6682,TRUE,0,2321,3721,TRUE,TRUE,805000,764140.0332,372100,1941240.033
10464,0,0,0,0,0,0,114,59,173,TRUE,0,50,50,TRUE,TRUE,0,30832.25806,5000,35832.25806
10465,0,0,5,2000,1000,1000,1888,1179,2403,TRUE,0,1179,2179,TRUE,TRUE,575000,380017.6113,217900,1172917.611
10470,0,0,2,800,400,400,632,474,1078,TRUE,0,474,874,TRUE,TRUE,230000,175129.7872,87400,492529.7872
10471,0,0,3,1200,600,600,284,77,837,TRUE,0,77,677,TRUE,TRUE,345000,26400,67700,439100
10472,0,0,7,2800,1400,1400,3593,2148,6196,TRUE,0,2148,3548,TRUE,TRUE,805000,731146.9784,354800,1890946.978
10474,0,0,0,0,0,0,1194,668,1301,TRUE,0,668,668,TRUE,TRUE,0,179515.2824,66800,246315.2824
10475,0,0,1,400,200,200,1808,1877,3229,TRUE,0,1877,2077,TRUE,TRUE,115000,560881.4815,207700,883581.4815
10501,1,0,0,100,11,11,0,0,43,TRUE,0,0,11,TRUE,TRUE,65000,0,1100,66100
10502,0,0,0,0,0,0,273,215,336,TRUE,0,215,215,TRUE,TRUE,0,71926.38037,21500,93426.38037
10503,0,0,0,0,0,0,0,0,0,TRUE,0,0,0,TRUE,TRUE,0,0,0,0
10505,1,0,0,100,30,30,0,0,82,TRUE,0,0,30,TRUE,TRUE,65000,0,3000,68000
10507,0,0,0,0,0,0,220,162,354,TRUE,122.6,162,284,TRUE,TRUE,0,62932.21289,16200,79132.21289
10511,0,0,0,0,0,0,72,80,101,TRUE,0,80,80,TRUE,TRUE,0,80000,8000,88000
10514,0,0,0,0,0,0,585,223,808,TRUE,294,194,488,TRUE,TRUE,0,67708.80829,19400,87108.80829
10516,0,0,0,0,0,0,163,76,239,TRUE,114.6,75,189,TRUE,TRUE,0,37552.94118,7500,45052.94118
10518,1,0,0,100,8,8,0,0,26,TRUE,0,0,8,TRUE,TRUE,65000,0,800,65800
10519,1,0,0,100,0,0,0,0,8,TRUE,0,0,0,TRUE,TRUE,65000,0,0,65000
10524,0,1,0,200,88,88,16,0,169,TRUE,0,0,88,TRUE,TRUE,95000,0,8800,103800
10526,0,1,0,200,54,54,0,0,83,TRUE,0,0,54,TRUE,TRUE,95000,0,5400,100400
10528,0,0,0,0,0,0,690,188,793,TRUE,336.2,188,524,TRUE,TRUE,0,57600,18800,76400
10530,0,0,1,400,200,200,405,253,583,TRUE,125.6,253,578,TRUE,TRUE,115000,97266.66667,45300,257566.6667
10533,0,0,1,400,200,200,157,107,576,TRUE,52.8,107,359,TRUE,TRUE,115000,45843.34651,30700,191543.3465
10536,0,0,1,400,170,170,315,0,636,TRUE,174.4,0,344,TRUE,TRUE,115000,0,17000,132000
10537,0,1,0,200,67,67,0,0,147,TRUE,0,0,67,TRUE,TRUE,95000,0,6700,101700
10538,0,0,2,800,400,400,455,155,1272,TRUE,254.4,155,809,TRUE,TRUE,230000,52985.8156,55500,338485.8156
10542,0,0,0,0,0,0,0,0,0,TRUE,0,0,0,TRUE,TRUE,0,0,0,0
10543,0,0,0,0,0,0,867,467,1237,TRUE,295.6,467,762,TRUE,TRUE,0,161921.047,46700,208621.047
10545,1,0,0,100,0,0,0,0,3,TRUE,0,0,0,TRUE,TRUE,65000,0,0,65000
10546,1,0,0,100,32,32,0,0,63,TRUE,0,0,32,TRUE,TRUE,65000,0,3200,68200
10548,0,0,1,400,155,155,121,0,200,TRUE,47.8,0,202,TRUE,TRUE,115000,0,15500,130500
10549,0,0,0,0,0,0,734,494,883,TRUE,436,494,930,TRUE,TRUE,0,168399.7136,49400,217799.7136
10553,0,1,1,600,292,292,156,0,607,TRUE,0,0,292,TRUE,TRUE,210000,0,29200,239200
10560,0,0,1,400,200,200,129,56,289,TRUE,0,56,256,TRUE,TRUE,115000,19882.17054,25600,160482.1705
10567,0,0,2,800,400,400,303,218,1000,TRUE,139.8,218,757,TRUE,TRUE,230000,97428.54864,61800,389228.5486
10570,0,0,0,0,0,0,316,328,638,TRUE,112.2,328,440,TRUE,TRUE,0,106245.4497,32800,139045.4497
10573,0,0,0,0,0,0,1573,1137,1976,TRUE,362.2,1137,1499,TRUE,TRUE,0,399368.9317,113700,513068.9317
10576,1,0,0,100,50,50,40,16,154,TRUE,0,16,66,TRUE,TRUE,65000,11200,6600,82800
10578,0,1,0,200,19,19,0,0,129,TRUE,0,0,19,TRUE,TRUE,95000,0,1900,96900
10580,0,0,2,800,360,360,410,0,1143,TRUE,174,0,534,TRUE,TRUE,230000,0,36000,266000
10583,0,0,1,400,200,200,1776,372,2548,TRUE,918.2,336,1454,TRUE,TRUE,115000,107019.9231,53600,275619.9231
10588,0,0,1,400,200,200,41,15,189,TRUE,0,15,215,TRUE,TRUE,115000,10317.07317,21500,146817.0732
10589,0,0,0,0,0,0,210,142,352,TRUE,49.4,73,122,TRUE,TRUE,0,51120,7300,58420
10590,0,0,0,0,0,0,245,102,347,TRUE,118.2,98,216,TRUE,TRUE,0,40800,9800,50600
10594,1,0,1,500,240,240,32,0,318,TRUE,0,0,240,TRUE,TRUE,180000,0,24000,204000
10596,1,0,0,100,10,10,0,0,19,TRUE,0,0,10,TRUE,TRUE,65000,0,1000,66000
10597,1,0,0,100,6,6,0,0,59,TRUE,0,0,6,TRUE,TRUE,65000,0,600,65600
10601,0,0,0,0,0,0,284,76,339,TRUE,144.2,76,220,TRUE,TRUE,0,23935.63218,7600,31535.63218
10603,0,0,2,800,400,400,338,336,1019,TRUE,34.8,336,770,TRUE,TRUE,230000,148743.1034,73600,452343.1034
10604,0,0,0,0,0,0,727,132,767,TRUE,340.4,132,472,TRUE,TRUE,0,44118.12081,13200,57318.12081
10607,0,0,0,0,0,0,345,85,410,TRUE,138.4,85,223,TRUE,TRUE,0,24296.13734,8500,32796.13734
10707,0,0,0,0,0,0,357,266,494,TRUE,211.2,266,477,TRUE,TRUE,0,89426.93096,26600,116026.931
10708,0,0,3,1200,600,600,193,89,968,TRUE,67,89,756,TRUE,TRUE,345000,36939.78495,68900,450839.7849
10710,0,0,1,400,200,200,757,608,1107,TRUE,0,608,808,TRUE,TRUE,115000,185436.5191,80800,381236.5191
10803,0,0,0,0,0,0,660,242,902,TRUE,367.4,71,438,TRUE,TRUE,0,78345.94595,7100,85445.94595
10910,0,0,0,0,0,0,0,0,0,TRUE,0,0,0,TRUE,TRUE,0,0,0,0
10911,0,0,0,0,0,0,0,0,0,TRUE,0,0,0,TRUE,TRUE,0,0,0,0
10915,0,0,0,0,0,0,0,0,0,TRUE,0,0,0,TRUE,TRUE,0,0,0,0
10916,0,0,1,400,103,103,8,0,219,TRUE,0,0,103,TRUE,TRUE,115000,0,10300,125300
10918,0,0,2,800,400,400,166,45,603,TRUE,67.2,45,512,TRUE,TRUE,230000,19000,44500,293500
10921,0,0,0,0,0,0,182,41,209,TRUE,107.4,41,148,TRUE,TRUE,0,17734.88372,4100,21834.88372
10922,0,0,1,400,118,118,0,0,64,TRUE,0,0,118,TRUE,TRUE,115000,0,11800,126800
10923,0,0,2,800,400,400,171,87,603,TRUE,76.6,87,563,TRUE,TRUE,230000,49973.59125,48700,328673.5913
10924,0,0,0,0,0,0,435,261,642,TRUE,226.6,261,487,TRUE,TRUE,0,110452.8958,26100,136552.8958
10926,0,0,1,400,167,167,40,0,202,TRUE,0,0,167,TRUE,TRUE,115000,0,16700,131700
10927,0,0,0,0,0,0,619,526,1134,TRUE,179.2,526,705,TRUE,TRUE,0,175999.7952,52600,228599.7952
10928,0,0,1,400,148,148,101,0,263,TRUE,0,0,148,TRUE,TRUE,115000,0,14800,129800
10930,0,0,1,400,172,172,92,0,437,TRUE,44.8,0,216,TRUE,TRUE,115000,0,17200,132200
10931,0,1,0,200,89,89,0,0,91,TRUE,0,0,89,TRUE,TRUE,95000,0,8900,103900
10932,0,0,0,0,0,0,0,0,0,TRUE,0,0,0,TRUE,TRUE,0,0,0,0
10933,1,0,0,100,28,28,0,0,43,TRUE,0,0,28,TRUE,TRUE,65000,0,2800,67800
10953,0,0,0,0,0,0,0,0,0,TRUE,0,0,0,TRUE,TRUE,0,0,0,0
10958,0,1,0,200,62,62,0,0,119,TRUE,0,0,62,TRUE,TRUE,95000,0,6200,101200
10960,0,0,0,0,0,0,460,226,590,TRUE,186.4,226,412,TRUE,TRUE,0,88050.57471,22600,110650.5747
10962,0,0,1,400,120,120,16,0,207,TRUE,0,0,120,TRUE,TRUE,115000,0,12000,127000
10969,0,1,0,200,68,68,0,0,128,TRUE,0,0,68,TRUE,TRUE,95000,0,6800,101800
10974,0,0,1,400,139,139,48,0,152,TRUE,0,0,139,TRUE,TRUE,115000,0,13900,128900
10975,1,0,0,100,0,0,0,0,38,TRUE,0,0,0,TRUE,TRUE,65000,0,0,65000
10976,1,0,0,100,17,17,0,0,60,TRUE,0,0,17,TRUE,TRUE,65000,0,1700,66700
10979,0,0,0,0,0,0,0,0,0,TRUE,0,0,0,TRUE,TRUE,0,0,0,0
10984,0,0,1,400,199,199,143,0,190,TRUE,0,0,199,TRUE,TRUE,115000,0,19900,134900
10985,1,0,0,100,4,4,0,0,3,TRUE,0,0,4,TRUE,TRUE,65000,0,400,65400
10986,1,0,0,100,30,30,0,0,78,TRUE,0,0,30,TRUE,TRUE,65000,0,3000,68000
10987,0,1,0,200,100,100,40,4,138,TRUE,0,4,104,TRUE,TRUE,95000,2800,10400,108200
10988,1,0,0,100,44,44,0,0,48,TRUE,0,0,44,TRUE,TRUE,65000,0,4400,69400
10989,0,0,0,0,0,0,261,118,295,TRUE,72.4,118,190,TRUE,TRUE,0,48758.33333,11800,60558.33333
10992,0,0,0,0,0,0,360,236,553,TRUE,154.6,236,390,TRUE,TRUE,0,96424.82012,23600,120024.8201
10996,0,0,2,800,356,356,0,0,464,TRUE,0,0,356,TRUE,TRUE,230000,0,35600,265600
10998,0,0,1,400,147,147,43,0,214,TRUE,25.8,0,172,TRUE,TRUE,115000,0,14700,129700
11001,0,0,1,400,200,200,537,405,1286,TRUE,143.2,405,748,TRUE,TRUE,115000,143571.4286,60500,319071.4286
11004,0,0,1,400,200,200,427,396,660,TRUE,0,396,596,TRUE,TRUE,115000,114750.8021,59600,289350.8021
11005,0,0,0,0,0,0,0,0,0,TRUE,0,0,0,TRUE,TRUE,0,0,0,0
11010,0,0,4,1600,800,800,282,172,1293,TRUE,0,172,972,TRUE,TRUE,460000,55634.5679,97200,612834.5679
11020,0,0,0,0,0,0,142,115,257,TRUE,45.6,77,122,TRUE,TRUE,0,53129.03226,7700,60829.03226
11021,0,0,2,800,400,400,202,64,890,TRUE,161.2,64,625,TRUE,TRUE,230000,29002.53165,46400,305402.5316
11023,0,0,1,400,200,200,355,131,809,TRUE,171.4,131,502,TRUE,TRUE,115000,48403.38983,33100,196503.3898
11024,0,0,0,0,0,0,552,345,732,TRUE,225.2,345,570,TRUE,TRUE,0,106223.8258,34500,140723.8258
11030,0,0,0,0,0,0,689,272,956,TRUE,207,272,479,TRUE,TRUE,0,74548.14815,27200,101748.1481
11040,0,0,0,0,0,0,1220,790,1833,TRUE,508,790,1298,TRUE,TRUE,0,211650.9755,79000,290650.9755
11050,0,0,0,0,0,0,1928,604,1932,TRUE,682.4,604,1286,TRUE,TRUE,0,174226.5358,60400,234626.5358
11096,0,0,1,400,200,200,349,266,1010,TRUE,129.8,266,595,TRUE,TRUE,115000,110502.3256,46600,272102.3256
11101,0,0,0,0,0,0,1616,1405,2058,TRUE,3.6,1405,1408,TRUE,TRUE,0,415327.134,140500,555827.134
11103,0,0,3,1200,600,600,524,402,1031,TRUE,0,402,1002,TRUE,TRUE,345000,118410.6476,100200,563610.6476
11105,0,0,3,1200,600,600,830,789,1563,TRUE,13.2,789,1402,TRUE,TRUE,345000,225847.02,138900,709747.02
11109,0,0,3,1200,586,586,89,0,471,TRUE,0,0,586,TRUE,TRUE,345000,0,58600,403600
11201,0,0,7,2800,1400,1400,1957,1900,3321,TRUE,0,1900,3300,TRUE,TRUE,805000,618940.2486,330000,1753940.249
11203,0,0,0,0,0,0,3405,2692,5175,TRUE,0,2692,2692,TRUE,TRUE,0,866617.3194,269200,1135817.319
11204,0,0,9,3600,1800,1800,3192,3006,9012,TRUE,0,3006,4806,TRUE,TRUE,1035000,911024.7908,480600,2426624.791
11205,0,0,12,4800,2400,2400,918,768,3846,TRUE,0,768,3168,TRUE,TRUE,1380000,255368.5825,316800,1952168.583
11206,0,0,7,2800,1400,1400,3393,3402,8969,TRUE,0,3402,4802,TRUE,TRUE,805000,1156406.946,480200,2441606.946
11209,0,0,7,2800,1400,1400,1423,1391,3346,TRUE,0,1391,2791,TRUE,TRUE,805000,404976.0474,279100,1489076.047
11212,0,0,0,0,0,0,5430,3926,7324,TRUE,0,3926,3926,TRUE,TRUE,0,1230421.009,392600,1623021.009
11213,0,0,6,2400,1200,1200,2191,2015,5915,TRUE,9,2015,3224,TRUE,TRUE,690000,721225.9367,321500,1732725.937
11214,0,0,5,2000,1000,1000,2498,2487,6978,TRUE,0,2487,3487,TRUE,TRUE,575000,733467.6404,348700,1657167.64
11215,0,0,7,2800,1400,1400,3125,2408,4209,TRUE,0,2408,3808,TRUE,TRUE,805000,803006.3514,380800,1988806.351
11216,0,0,2,800,400,400,1778,1672,2473,TRUE,0,1672,2072,TRUE,TRUE,230000,607292.8823,207200,1044492.882
11217,0,0,7,2800,1400,1400,1183,1063,2089,TRUE,0,1063,2463,TRUE,TRUE,805000,349338.6494,246300,1400638.649
11218,0,0,4,1600,800,800,3087,2488,4597,TRUE,0,2488,3288,TRUE,TRUE,460000,701201.5394,328800,1490001.539
11220,0,0,12,4800,2363,2363,2411,1492,8703,TRUE,0,1492,3855,TRUE,TRUE,1380000,402099.7735,385500,2167599.773
11221,0,0,3,1200,600,600,3111,2478,5779,TRUE,0,2478,3078,TRUE,TRUE,345000,842308.0718,307800,1495108.072
11222,0,0,5,2000,1000,1000,672,629,1456,TRUE,0,629,1629,TRUE,TRUE,575000,206588.2206,162900,944488.2206
11223,0,0,15,6000,3000,3000,1448,1428,8004,TRUE,0,1428,4428,TRUE,TRUE,1725000,416658.5473,442800,2584458.547
11228,0,0,1,400,200,200,1293,1320,1998,TRUE,0,1320,1520,TRUE,TRUE,115000,408162.196,152000,675162.196
11229,0,0,8,3200,1600,1600,1840,1586,4358,TRUE,0,1586,3186,TRUE,TRUE,920000,516363.8724,318600,1754963.872
11230,0,0,24,9600,4800,4800,824,479,6033,TRUE,0,479,5279,TRUE,TRUE,2760000,141050,527900,3428950
11231,0,0,5,2000,1000,1000,1462,1112,2359,TRUE,0,1112,2112,TRUE,TRUE,575000,372372.3655,211200,1158572.366
11238,0,0,5,2000,1000,1000,2010,1968,2652,TRUE,0,1968,2968,TRUE,TRUE,575000,657156.3526,296800,1528956.353
11239,0,0,0,0,0,0,802,325,984,TRUE,0,325,325,TRUE,TRUE,0,101131.2922,32500,133631.2922
11355,0,0,0,0,0,0,3453,2543,4700,TRUE,0,2543,2543,TRUE,TRUE,0,732535.2273,254300,986835.2273
11359,0,0,0,0,0,0,0,0,0,TRUE,0,0,0,TRUE,TRUE,0,0,0,0
11360,0,0,0,0,0,0,485,573,646,TRUE,0,573,573,TRUE,TRUE,0,199970.9677,57300,257270.9677
11362,0,0,1,400,200,200,349,218,621,TRUE,0,218,418,TRUE,TRUE,115000,73631.74603,41800,230431.746
11363,0,0,0,0,0,0,226,214,390,TRUE,9,214,223,TRUE,TRUE,0,115522.6027,21400,136922.6027
11365,0,0,4,1600,800,800,1326,1136,3582,TRUE,0,1136,1936,TRUE,TRUE,460000,303751.6519,193600,957351.6519
11366,0,0,1,400,200,200,587,355,627,TRUE,0,355,555,TRUE,TRUE,115000,98089.2134,55500,268589.2134
11371,0,0,0,0,0,0,0,0,0,TRUE,0,0,0,TRUE,TRUE,0,0,0,0
11372,0,0,4,1600,800,800,1767,1729,4842,TRUE,9.6,1729,2538,TRUE,TRUE,460000,534635.3159,252900,1247535.316
11377,0,0,2,800,400,400,3046,3071,6156,TRUE,0,3071,3471,TRUE,TRUE,230000,892251.5717,347100,1469351.572
11411,0,0,1,400,200,200,745,415,802,TRUE,0,415,615,TRUE,TRUE,115000,137811.7897,61500,314311.7897
11414,0,0,3,1200,600,600,828,843,1717,TRUE,0,843,1443,TRUE,TRUE,345000,281725.9398,144300,771025.9398
11415,0,0,4,1600,784,784,63,0,928,TRUE,0,0,784,TRUE,TRUE,460000,0,78400,538400
11417,0,0,4,1600,800,800,838,549,2755,TRUE,0,549,1349,TRUE,TRUE,460000,153970.2128,134900,748870.2128
11419,1,0,2,900,450,450,1090,855,2814,TRUE,0,855,1305,TRUE,TRUE,295000,240985.048,130500,666485.048
11424,0,0,0,0,0,0,0,0,0,TRUE,0,0,0,TRUE,TRUE,0,0,0,0
11426,0,0,1,400,200,200,711,630,871,TRUE,0,630,830,TRUE,TRUE,115000,170833.3333,83000,368833.3333
11428,0,0,1,400,200,200,545,450,1103,TRUE,0,450,650,TRUE,TRUE,115000,137313.9538,65000,317313.9538
11430,1,0,0,100,0,0,0,0,23,TRUE,0,0,0,TRUE,TRUE,65000,0,0,65000
11432,0,0,6,2400,1200,1200,1639,1586,4880,TRUE,0,1586,2786,TRUE,TRUE,690000,479089.5618,278600,1447689.562
11433,0,0,0,0,0,0,2105,1892,3404,TRUE,0,1892,1892,TRUE,TRUE,0,523282.457,189200,712482.457
11435,0,0,8,3200,1600,1600,1759,1625,5125,TRUE,0,1625,3225,TRUE,TRUE,920000,530090.7478,322500,1772590.748
11436,0,0,3,1200,574,574,256,34,1490,TRUE,0,34,608,TRUE,TRUE,345000,49300,60800,455100
11439,0,0,0,0,0,0,0,0,0,TRUE,0,0,0,TRUE,TRUE,0,0,0,0
11451,0,0,0,0,0,0,0,0,0,TRUE,0,0,0,TRUE,TRUE,0,0,0,0
11501,0,0,0,0,0,0,933,180,987,TRUE,511.8,180,691,TRUE,TRUE,0,46404.62428,18000,64404.62428
11507,0,0,0,0,0,0,213,170,288,TRUE,0,170,170,TRUE,TRUE,0,58547.94521,17000,75547.94521
11509,0,1,0,200,27,27,0,0,103,TRUE,0,0,27,TRUE,TRUE,95000,0,2700,97700
11514,0,0,0,0,0,0,276,86,334,TRUE,105.2,86,191,TRUE,TRUE,0,29663.76812,8600,38263.76812
11518,0,0,0,0,0,0,472,150,489,TRUE,221.6,150,371,TRUE,TRUE,0,45706.80628,15000,60706.80628
11520,0,0,1,400,200,200,2809,939,3303,TRUE,459.2,939,1598,TRUE,TRUE,115000,390922.0151,113900,619822.0151
11530,0,0,1,400,200,200,671,519,1561,TRUE,180.2,519,899,TRUE,TRUE,115000,240425.3218,71900,427325.3218
11547,1,0,0,100,0,0,0,0,21,TRUE,0,0,0,TRUE,TRUE,65000,0,0,65000
11549,1,0,0,100,2,2,0,0,1,TRUE,0,0,2,TRUE,TRUE,65000,0,200,65200
11554,0,0,1,400,200,200,962,965,1843,TRUE,297.2,965,1462,TRUE,TRUE,115000,364888.8889,116500,596388.8889
11557,0,0,0,0,0,0,390,179,448,TRUE,120.2,179,299,TRUE,TRUE,0,53178.64078,17900,71078.64078
11560,0,0,1,400,189,189,117,0,359,TRUE,53,0,242,TRUE,TRUE,115000,0,18900,133900
11561,0,0,1,400,200,200,654,633,1306,TRUE,268.2,633,1101,TRUE,TRUE,115000,261152.3962,83300,459452.3962
11565,0,0,0,0,0,0,323,300,440,TRUE,130,300,430,TRUE,TRUE,0,159235.4649,30000,189235.4649
11569,1,0,0,100,0,0,0,0,16,TRUE,0,0,0,TRUE,TRUE,65000,0,0,65000
11570,0,0,1,400,200,200,653,457,1454,TRUE,357.6,457,1014,TRUE,TRUE,115000,144418.0787,65700,325118.0787
11572,0,0,0,0,0,0,1147,313,1399,TRUE,581.2,313,894,TRUE,TRUE,0,84798.58156,31300,116098.5816
11575,0,0,1,400,200,200,1386,720,1908,TRUE,227.2,720,1147,TRUE,TRUE,115000,300088.3848,92000,507088.3848
11577,0,0,0,0,0,0,667,18,685,TRUE,339,0,292,TRUE,TRUE,0,5138.461538,0,5138.461538
11579,0,0,1,400,199,199,140,0,354,TRUE,12,0,211,TRUE,TRUE,115000,0,19900,134900
11580,0,0,0,0,0,0,1009,678,1513,TRUE,207,678,885,TRUE,TRUE,0,236272.1657,67800,304072.1657
11596,0,0,1,400,200,200,253,69,591,TRUE,110.8,69,379,TRUE,TRUE,115000,30426.50602,26900,172326.506
11598,0,0,1,400,130,130,392,405,1197,TRUE,197.4,405,732,TRUE,TRUE,115000,136813.145,53500,305313.145
11692,0,0,3,1200,600,600,902,539,2577,TRUE,0,539,1139,TRUE,TRUE,345000,168356.4147,113900,627256.4147
11693,0,0,1,400,200,200,328,254,622,TRUE,0,254,454,TRUE,TRUE,115000,91939.79405,45400,252339.794
11694,0,0,1,400,200,200,752,711,1211,TRUE,0,711,911,TRUE,TRUE,115000,222666.408,91100,428766.408
11697,0,0,1,400,154,154,0,0,280,TRUE,0,0,154,TRUE,TRUE,115000,0,15400,130400
11702,0,0,1,400,200,200,373,197,588,TRUE,131,197,528,TRUE,TRUE,115000,88211.52993,39700,242911.5299
11704,0,0,2,800,400,400,972,669,1646,TRUE,142.2,669,1211,TRUE,TRUE,230000,218659.8837,106900,555559.8837
11706,0,0,0,0,0,0,2408,2119,3786,TRUE,586.2,2119,2705,TRUE,TRUE,0,684139.6127,211900,896039.6127
11709,0,1,0,200,100,100,52,23,243,TRUE,0,23,123,TRUE,TRUE,95000,15054.54545,12300,122354.5455
11715,0,1,0,200,82,82,40,25,265,TRUE,0,0,82,TRUE,TRUE,95000,17500,8200,120700
11718,0,1,0,200,91,91,0,0,195,TRUE,0,0,91,TRUE,TRUE,95000,0,9100,104100
11719,0,0,0,0,0,0,122,67,178,TRUE,60.6,67,127,TRUE,TRUE,0,24383.60656,6700,31083.60656
11720,0,0,3,1200,600,600,483,373,1345,TRUE,90.4,373,1063,TRUE,TRUE,345000,150113.4454,97300,592413.4454
11721,0,0,0,0,0,0,188,119,247,TRUE,102,119,221,TRUE,TRUE,0,42249.6124,11900,54149.6124
11724,0,0,0,0,0,0,128,101,209,TRUE,60.6,101,161,TRUE,TRUE,0,47625.51566,10100,57725.51566
11729,0,0,2,800,400,400,521,296,1114,TRUE,122.6,296,818,TRUE,TRUE,230000,100930.6358,69600,400530.6358
11730,0,0,2,800,389,389,95,0,613,TRUE,69.8,0,458,TRUE,TRUE,230000,0,38900,268900
11731,0,0,2,800,400,400,577,549,1593,TRUE,323.8,549,1272,TRUE,TRUE,230000,196430.1855,94900,521330.1855
11732,0,1,0,200,72,72,0,0,159,TRUE,0,0,72,TRUE,TRUE,95000,0,7200,102200
11733,0,0,0,0,0,0,696,135,831,TRUE,440,69,509,TRUE,TRUE,0,33750,6900,40650
11738,0,0,2,800,400,400,477,366,1095,TRUE,212,366,978,TRUE,TRUE,230000,132059.8435,76600,438659.8435
11740,0,0,0,0,0,0,272,280,552,TRUE,121.8,198,319,TRUE,TRUE,0,110911.1704,19800,130711.1704
11741,0,0,2,800,400,400,600,502,1424,TRUE,168.2,502,1070,TRUE,TRUE,230000,190167.4915,90200,510367.4915
11742,0,0,0,0,0,0,481,368,689,TRUE,184.6,368,552,TRUE,TRUE,0,158280.2107,36800,195080.2107
11743,0,0,0,0,0,0,1758,112,1804,TRUE,890.8,112,1002,TRUE,TRUE,0,29229.26829,11200,40429.26829
11751,0,0,1,400,200,200,257,191,548,TRUE,61.2,191,452,TRUE,TRUE,115000,68370.21277,39100,222470.2128
11753,0,0,1,400,200,200,289,131,750,TRUE,65.8,131,396,TRUE,TRUE,115000,57956.65625,33100,206056.6563
11754,0,0,0,0,0,0,540,424,893,TRUE,258.8,424,682,TRUE,TRUE,0,123085.7143,42400,165485.7143
11755,0,0,1,400,200,200,293,108,617,TRUE,0,108,308,TRUE,TRUE,115000,40715.04425,30800,186515.0442
11763,0,0,1,400,200,200,939,214,1509,TRUE,464,214,878,TRUE,TRUE,115000,66187.97814,41400,222587.9781
11764,0,0,0,0,0,0,558,51,571,TRUE,235.8,51,286,TRUE,TRUE,0,17383.09859,5100,22483.09859
11766,0,0,0,0,0,0,317,256,573,TRUE,189.4,130,319,TRUE,TRUE,0,93290.25471,13000,106290.2547
11767,0,0,1,400,200,200,208,129,705,TRUE,99,129,428,TRUE,TRUE,115000,43969.01408,32900,191869.0141
11769,0,0,0,0,0,0,157,148,305,TRUE,107.2,118,225,TRUE,TRUE,0,48453.50318,11800,60253.50318
11770,1,0,0,100,0,0,0,0,5,TRUE,0,0,0,TRUE,TRUE,65000,0,0,65000
11771,0,0,2,800,400,400,220,136,535,TRUE,52.4,136,588,TRUE,TRUE,230000,44862.33766,53600,328462.3377
11772,0,0,1,400,200,200,954,957,2074,TRUE,492,957,1649,TRUE,TRUE,115000,384720.2157,115700,615420.2157
11778,0,0,1,400,200,200,305,293,720,TRUE,99,293,592,TRUE,TRUE,115000,109541.6058,49300,273841.6058
11779,0,0,0,0,0,0,1776,541,1853,TRUE,847,541,1388,TRUE,TRUE,0,133805.3763,54100,187905.3763
11780,0,0,1,400,200,200,172,139,652,TRUE,27.8,139,366,TRUE,TRUE,115000,78843.47826,33900,227743.4783
11782,0,0,1,400,200,200,399,271,824,TRUE,60,271,531,TRUE,TRUE,115000,111326.5266,47100,273426.5266
11783,0,0,0,0,0,0,601,368,969,TRUE,243.4,365,608,TRUE,TRUE,0,136895.0347,36500,173395.0347
11784,0,0,3,1200,600,600,461,440,1334,TRUE,78.6,440,1118,TRUE,TRUE,345000,195818.1818,104000,644818.1818
11786,0,0,0,0,0,0,173,177,350,TRUE,68.2,84,152,TRUE,TRUE,0,82521.8587,8400,90921.8587
11788,0,0,0,0,0,0,698,275,775,TRUE,425,275,700,TRUE,TRUE,0,90000.23023,27500,117500.2302
11789,0,0,1,400,130,130,0,0,363,TRUE,0,0,130,TRUE,TRUE,115000,0,13000,128000
11790,0,0,0,0,0,0,296,299,595,TRUE,211.2,244,455,TRUE,TRUE,0,107221.8154,24400,131621.8154
11791,0,0,0,0,0,0,1488,80,1568,TRUE,769.6,0,709,TRUE,TRUE,0,22299.2126,0,22299.2126
11792,0,0,0,0,0,0,267,169,393,TRUE,105,169,274,TRUE,TRUE,0,55748.05195,16900,72648.05195
11793,0,0,1,400,200,200,826,456,1584,TRUE,390.8,456,1046,TRUE,TRUE,115000,161744.6224,65600,342344.6224
11795,0,0,0,0,0,0,706,575,1177,TRUE,365.6,575,940,TRUE,TRUE,0,154624.4589,57500,212124.4589
11796,0,0,1,400,143,143,55,0,178,TRUE,0,0,143,TRUE,TRUE,115000,0,14300,129300
11801,0,0,0,0,0,0,1427,571,1692,TRUE,483.8,571,1054,TRUE,TRUE,0,160885.743,57100,217985.743
11804,0,0,1,400,196,196,0,0,284,TRUE,0,0,196,TRUE,TRUE,115000,0,19600,134600
11930,1,0,0,100,12,12,0,0,18,TRUE,0,0,12,TRUE,TRUE,65000,0,1200,66200
11932,1,0,0,100,0,0,16,0,57,TRUE,9.6,0,0,TRUE,TRUE,65000,0,0,65000
11933,1,0,0,100,50,50,125,132,259,TRUE,0,132,182,TRUE,TRUE,65000,48964.10256,18200,132164.1026
11934,0,0,0,0,0,0,278,253,478,TRUE,102.2,253,355,TRUE,TRUE,0,115977.551,25300,141277.551
11935,0,0,0,0,0,0,78,68,146,TRUE,33.6,0,29,TRUE,TRUE,0,48126.31579,0,48126.31579
11937,0,0,1,400,200,200,623,585,1034,TRUE,101.8,585,886,TRUE,TRUE,115000,176400,78500,369900
11939,1,0,0,100,25,25,0,0,29,TRUE,0,0,25,TRUE,TRUE,65000,0,2500,67500
11940,0,0,0,0,0,0,151,179,283,TRUE,0,179,179,TRUE,TRUE,0,59508.60927,17900,77408.60927
11941,0,1,0,200,80,80,16,0,120,TRUE,0,0,80,TRUE,TRUE,95000,0,8000,103000
11942,0,0,1,400,129,129,0,0,184,TRUE,0,0,129,TRUE,TRUE,115000,0,12900,127900
11944,0,1,0,200,56,56,0,0,130,TRUE,0,0,56,TRUE,TRUE,95000,0,5600,100600
11946,0,0,3,1200,600,600,113,1,731,TRUE,26.4,1,627,TRUE,TRUE,345000,527.8688525,60100,405627.8689
11947,0,0,0,0,0,0,0,0,0,TRUE,0,0,0,TRUE,TRUE,0,0,0,0
11949,0,0,1,400,200,200,129,112,523,TRUE,72.6,112,384,TRUE,TRUE,115000,39764.34109,31200,185964.3411
11951,0,0,3,1200,600,600,187,152,1493,TRUE,64.2,152,816,TRUE,TRUE,345000,108163.0122,75200,528363.0122
11952,0,1,0,200,98,98,0,0,161,TRUE,0,0,98,TRUE,TRUE,95000,0,9800,104800
11954,0,0,1,400,123,123,59,0,299,TRUE,47.8,0,170,TRUE,TRUE,115000,0,12300,127300
11956,1,0,0,100,9,9,0,0,6,TRUE,0,0,9,TRUE,TRUE,65000,0,900,65900
11957,0,0,0,0,0,0,0,0,0,TRUE,0,0,0,TRUE,TRUE,0,0,0,0
11958,1,0,0,100,26,26,0,0,47,TRUE,0,0,26,TRUE,TRUE,65000,0,2600,67600
11959,0,0,0,0,0,0,26,8,33,TRUE,20.4,8,28,TRUE,TRUE,0,7753.846154,800,8553.846154
11961,0,0,1,400,200,200,98,78,512,TRUE,0,78,278,TRUE,TRUE,115000,37885.71429,27800,180685.7143
11963,0,0,1,400,200,200,108,18,407,TRUE,0,18,218,TRUE,TRUE,115000,6933.333333,21800,143733.3333
11964,0,1,1,600,253,253,0,0,205,TRUE,0,0,253,TRUE,TRUE,210000,0,25300,235300
11965,0,0,0,0,0,0,0,0,0,TRUE,0,0,0,TRUE,TRUE,0,0,0,0
11967,0,0,3,1200,600,600,515,171,1370,TRUE,69.6,171,840,TRUE,TRUE,345000,63931.28301,77100,486031.283
11968,0,0,1,400,200,200,223,1,567,TRUE,157.8,1,358,TRUE,TRUE,115000,385.1851852,20100,135485.1852
11970,0,0,0,0,0,0,0,0,0,TRUE,0,0,0,TRUE,TRUE,0,0,0,0
11971,1,0,0,100,48,48,172,117,389,TRUE,79.2,117,244,TRUE,TRUE,65000,44292.85714,16500,125792.8571
11972,1,0,0,100,0,0,0,0,22,TRUE,0,0,0,TRUE,TRUE,65000,0,0,65000
11976,0,1,0,200,68,68,0,0,70,TRUE,0,0,68,TRUE,TRUE,95000,0,6800,101800
11977,0,0,0,0,0,0,121,39,160,TRUE,101,19,120,TRUE,TRUE,0,14246.28099,1900,16146.28099
12007,1,0,0,100,0,0,0,0,28,TRUE,0,0,0,TRUE,TRUE,65000,0,0,65000
12008,1,0,0,100,29,29,0,0,41,TRUE,0,0,29,TRUE,TRUE,65000,0,2900,67900
12009,0,0,1,400,200,200,88,80,410,TRUE,0,80,280,TRUE,TRUE,115000,68529.41176,28000,211529.4118
12010,0,0,2,800,360,360,1069,286,2155,TRUE,417.8,235,1012,TRUE,TRUE,230000,75892.81046,59500,365392.8105
12015,0,1,0,200,84,84,0,0,158,TRUE,0,0,84,TRUE,TRUE,95000,0,8400,103400
12017,1,0,0,100,0,0,0,0,7,TRUE,0,0,0,TRUE,TRUE,65000,0,0,65000
12018,0,1,1,600,300,300,68,18,370,TRUE,0,18,318,TRUE,TRUE,210000,11781.81818,31800,253581.8182
12019,0,0,2,800,400,400,244,2,700,TRUE,0,2,402,TRUE,TRUE,230000,1309.090909,40200,271509.0909
12020,0,0,0,0,0,0,1335,223,1558,TRUE,598,127,725,TRUE,TRUE,0,65538.96714,12700,78238.96714
12022,1,0,0,100,32,32,20,0,65,TRUE,0,0,32,TRUE,TRUE,65000,0,3200,68200
12023,0,1,0,200,96,96,0,0,133,TRUE,0,0,96,TRUE,TRUE,95000,0,9600,104600
12024,1,0,0,100,0,0,0,0,1,TRUE,0,0,0,TRUE,TRUE,65000,0,0,65000
12025,0,0,1,400,184,184,0,0,191,TRUE,0,0,184,TRUE,TRUE,115000,0,18400,133400
12027,0,0,0,0,0,0,133,90,223,TRUE,83.2,82,165,TRUE,TRUE,0,32400,8200,40600
12028,1,0,0,100,38,38,16,0,74,TRUE,0,0,38,TRUE,TRUE,65000,0,3800,68800
12029,1,0,0,100,7,7,0,0,19,TRUE,0,0,7,TRUE,TRUE,65000,0,700,65700
12031,1,0,0,100,17,17,0,0,10,TRUE,0,0,17,TRUE,TRUE,65000,0,1700,66700
12032,1,0,0,100,15,15,0,0,26,TRUE,0,0,15,TRUE,TRUE,65000,0,1500,66500
12035,1,0,0,100,0,0,0,0,24,TRUE,0,0,0,TRUE,TRUE,65000,0,0,65000
12036,1,0,0,100,22,22,0,0,26,TRUE,0,0,22,TRUE,TRUE,65000,0,2200,67200
12037,0,0,1,400,152,152,68,0,175,TRUE,0,0,152,TRUE,TRUE,115000,0,15200,130200
12040,0,0,0,0,0,0,0,0,0,TRUE,0,0,0,TRUE,TRUE,0,0,0,0
12041,1,0,0,100,0,0,0,0,3,TRUE,0,0,0,TRUE,TRUE,65000,0,0,65000
12042,1,0,0,100,0,0,0,0,10,TRUE,0,0,0,TRUE,TRUE,65000,0,0,65000
12045,0,0,0,0,0,0,20,22,30,TRUE,0,22,22,TRUE,TRUE,0,26400,2200,28600
12046,1,0,0,100,19,19,0,0,41,TRUE,0,0,19,TRUE,TRUE,65000,0,1900,66900
12047,0,0,1,400,200,200,565,369,1286,TRUE,214,369,783,TRUE,TRUE,115000,153049.3261,56900,324949.3261
12051,0,0,1,400,162,162,52,0,191,TRUE,13.2,0,175,TRUE,TRUE,115000,0,16200,131200
12052,0,1,0,200,86,86,0,0,80,TRUE,0,0,86,TRUE,TRUE,95000,0,8600,103600
12053,0,0,0,0,0,0,124,48,172,TRUE,36.8,48,84,TRUE,TRUE,0,25600,4800,30400
12057,0,1,0,200,89,89,16,0,82,TRUE,0,0,89,TRUE,TRUE,95000,0,8900,103900
12058,1,0,0,100,0,0,0,0,42,TRUE,0,0,0,TRUE,TRUE,65000,0,0,65000
12059,1,0,0,100,14,14,0,0,49,TRUE,0,0,14,TRUE,TRUE,65000,0,1400,66400
12060,1,0,0,100,14,14,0,0,45,TRUE,0,0,14,TRUE,TRUE,65000,0,1400,66400
12062,1,0,0,100,38,38,0,0,46,TRUE,0,0,38,TRUE,TRUE,65000,0,3800,68800
12063,1,0,0,100,18,18,0,0,16,TRUE,0,0,18,TRUE,TRUE,65000,0,1800,66800
12064,1,0,0,100,10,10,0,0,10,TRUE,0,0,10,TRUE,TRUE,65000,0,1000,66000
12066,0,0,1,400,101,101,0,0,99,TRUE,0,0,101,TRUE,TRUE,115000,0,10100,125100
12067,1,0,0,100,35,35,16,0,75,TRUE,0,0,35,TRUE,TRUE,65000,0,3500,68500
12069,1,0,0,100,17,17,0,0,17,TRUE,0,0,17,TRUE,TRUE,65000,0,1700,66700
12070,1,0,0,100,29,29,0,0,65,TRUE,0,0,29,TRUE,TRUE,65000,0,2900,67900
12071,1,0,0,100,10,10,0,0,16,TRUE,0,0,10,TRUE,TRUE,65000,0,1000,66000
12072,0,0,1,400,150,150,0,0,196,TRUE,0,0,150,TRUE,TRUE,115000,0,15000,130000
12075,1,0,0,100,48,48,0,0,77,TRUE,0,0,48,TRUE,TRUE,65000,0,4800,69800
12076,1,0,0,100,22,22,0,0,45,TRUE,0,0,22,TRUE,TRUE,65000,0,2200,67200
12077,0,0,1,400,200,200,172,100,354,TRUE,66.6,100,366,TRUE,TRUE,115000,42471.91011,30000,187471.9101
12078,0,0,2,800,400,400,656,283,1739,TRUE,152.4,248,800,TRUE,TRUE,230000,94766.66667,64800,389566.6667
12082,0,0,0,0,0,0,0,0,0,TRUE,0,0,0,TRUE,TRUE,0,0,0,0
12083,0,0,0,0,0,0,139,84,223,TRUE,28.8,84,112,TRUE,TRUE,0,47059.64912,8400,55459.64912
12084,0,0,1,400,192,192,140,0,278,TRUE,0,0,192,TRUE,TRUE,115000,0,19200,134200
12087,1,0,0,100,34,34,0,0,45,TRUE,0,0,34,TRUE,TRUE,65000,0,3400,68400
12090,0,0,1,400,200,200,76,51,375,TRUE,52,51,303,TRUE,TRUE,115000,23621.05263,25100,163721.0526
12092,1,0,0,100,30,30,0,0,57,TRUE,0,0,30,TRUE,TRUE,65000,0,3000,68000
12093,1,0,0,100,36,36,16,0,55,TRUE,0,0,36,TRUE,TRUE,65000,0,3600,68600
12094,0,1,0,200,54,54,0,0,132,TRUE,0,0,54,TRUE,TRUE,95000,0,5400,100400
12106,1,0,0,100,39,39,0,0,71,TRUE,0,0,39,TRUE,TRUE,65000,0,3900,68900
12108,1,0,0,100,7,7,0,0,7,TRUE,0,0,7,TRUE,TRUE,65000,0,700,65700
12115,0,0,0,0,0,0,0,0,0,TRUE,0,0,0,TRUE,TRUE,0,0,0,0
12116,1,0,0,100,36,36,8,0,66,TRUE,0,0,36,TRUE,TRUE,65000,0,3600,68600
12117,0,1,0,200,77,77,23,0,97,TRUE,9,0,86,TRUE,TRUE,95000,0,7700,102700
12120,1,0,0,100,24,24,8,0,26,TRUE,0,0,24,TRUE,TRUE,65000,0,2400,67400
12121,0,1,0,200,81,81,0,0,108,TRUE,0,0,81,TRUE,TRUE,95000,0,8100,103100
12123,0,0,0,0,0,0,160,177,244,TRUE,54.8,177,231,TRUE,TRUE,0,104615.311,17700,122315.311
12125,1,0,0,100,32,32,0,0,55,TRUE,0,0,32,TRUE,TRUE,65000,0,3200,68200
12130,1,0,0,100,6,6,0,0,53,TRUE,0,0,6,TRUE,TRUE,65000,0,600,65600
12131,1,0,0,100,12,12,0,0,12,TRUE,0,0,12,TRUE,TRUE,65000,0,1200,66200
12132,1,0,0,100,9,9,0,0,7,TRUE,0,0,9,TRUE,TRUE,65000,0,900,65900
12134,1,0,0,100,50,50,80,69,168,TRUE,0,69,119,TRUE,TRUE,65000,31050,11900,107950
12137,1,0,0,100,50,50,8,5,105,TRUE,0,5,55,TRUE,TRUE,65000,13500,5500,84000
12138,0,1,0,200,78,78,16,0,114,TRUE,0,0,78,TRUE,TRUE,95000,0,7800,102800
12139,1,0,0,100,9,9,0,0,10,TRUE,0,0,9,TRUE,TRUE,65000,0,900,65900
12140,1,0,0,100,50,50,52,15,76,TRUE,0,15,65,TRUE,TRUE,65000,9818.181818,6500,81318.18182
12147,1,0,0,100,0,0,0,0,16,TRUE,0,0,0,TRUE,TRUE,65000,0,0,65000
12148,1,0,0,100,50,50,68,58,163,TRUE,0,58,108,TRUE,TRUE,65000,30933.33333,10800,106733.3333
12149,1,0,0,100,48,48,40,21,161,TRUE,0,21,69,TRUE,TRUE,65000,14700,6900,86600
12150,1,0,0,100,45,45,0,0,34,TRUE,0,0,45,TRUE,TRUE,65000,0,4500,69500
12151,1,0,0,100,36,36,8,0,61,TRUE,0,0,36,TRUE,TRUE,65000,0,3600,68600
12153,1,0,0,100,4,4,0,0,65,TRUE,0,0,4,TRUE,TRUE,65000,0,400,65400
12154,0,0,0,0,0,0,68,66,97,TRUE,0,66,66,TRUE,TRUE,0,54336.36364,6600,60936.36364
12155,0,0,0,0,0,0,68,33,101,TRUE,26.4,0,13,TRUE,TRUE,0,21600,0,21600
12156,1,0,0,100,28,28,0,0,49,TRUE,0,0,28,TRUE,TRUE,65000,0,2800,67800
12159,1,0,0,100,50,50,118,83,301,TRUE,98,63,211,TRUE,TRUE,65000,30667.79661,11300,106967.7966
12161,1,0,0,100,6,6,0,0,3,TRUE,0,0,6,TRUE,TRUE,65000,0,600,65600
12164,1,0,0,100,5,5,0,0,10,TRUE,0,0,5,TRUE,TRUE,65000,0,500,65500
12165,1,0,0,100,10,10,0,0,11,TRUE,0,0,10,TRUE,TRUE,65000,0,1000,66000
12166,0,1,0,200,80,80,0,0,98,TRUE,0,0,80,TRUE,TRUE,95000,0,8000,103000
12167,1,0,0,100,50,50,16,14,115,TRUE,0,14,64,TRUE,TRUE,65000,20300,6400,91700
12168,1,0,0,100,50,50,0,0,72,TRUE,0,0,50,TRUE,TRUE,65000,0,5000,70000
12169,1,0,0,100,7,7,0,0,31,TRUE,0,0,7,TRUE,TRUE,65000,0,700,65700
12170,0,0,0,0,0,0,159,186,238,TRUE,37.2,186,223,TRUE,TRUE,0,73673.50993,18600,92273.50993
12173,0,1,0,200,60,60,0,0,127,TRUE,0,0,60,TRUE,TRUE,95000,0,6000,101000
12174,1,0,0,100,10,10,0,0,17,TRUE,0,0,10,TRUE,TRUE,65000,0,1000,66000
12175,1,0,0,100,18,18,0,0,46,TRUE,0,0,18,TRUE,TRUE,65000,0,1800,66800
12176,1,0,0,100,14,14,0,0,12,TRUE,0,0,14,TRUE,TRUE,65000,0,1400,66400
12177,1,0,0,100,29,29,0,0,18,TRUE,0,0,29,TRUE,TRUE,65000,0,2900,67900
12183,0,0,1,400,164,164,16,0,200,TRUE,0,0,164,TRUE,TRUE,115000,0,16400,131400
12184,0,0,0,0,0,0,230,163,343,TRUE,69.6,163,232,TRUE,TRUE,0,75470.54409,16300,91770.54409
12185,0,1,0,200,58,58,0,0,70,TRUE,0,0,58,TRUE,TRUE,95000,0,5800,100800
12186,0,0,0,0,0,0,225,123,231,TRUE,37,123,160,TRUE,TRUE,0,42426.08696,12300,54726.08696
12187,0,0,0,0,0,0,16,14,17,TRUE,0,14,14,TRUE,TRUE,0,20300,1400,21700
12188,0,0,1,400,200,200,146,52,487,TRUE,58.8,52,310,TRUE,TRUE,115000,25257.14286,25200,165457.1429
12189,0,0,0,0,0,0,538,472,904,TRUE,171.6,472,643,TRUE,TRUE,0,151533.2083,47200,198733.2083
12190,1,0,0,100,28,28,16,0,29,TRUE,0,0,28,TRUE,TRUE,65000,0,2800,67800
12192,1,0,0,100,0,0,0,0,24,TRUE,0,0,0,TRUE,TRUE,65000,0,0,65000
12193,1,0,0,100,50,50,0,0,93,TRUE,0,0,50,TRUE,TRUE,65000,0,5000,70000
12194,1,0,0,100,2,2,0,0,9,TRUE,0,0,2,TRUE,TRUE,65000,0,200,65200
12195,0,0,0,0,0,0,0,0,0,TRUE,0,0,0,TRUE,TRUE,0,0,0,0
12196,0,1,0,200,90,90,91,0,279,TRUE,18.2,0,108,TRUE,TRUE,95000,0,9000,104000
12197,1,0,0,100,50,50,40,0,60,TRUE,0,0,50,TRUE,TRUE,65000,0,5000,70000
12198,0,0,1,400,121,121,87,0,280,TRUE,37.8,0,158,TRUE,TRUE,115000,0,12100,127100
12202,0,0,2,800,400,400,337,100,689,TRUE,32.4,100,532,TRUE,TRUE,230000,47333.33333,50000,327333.3333
12204,0,0,3,1200,554,554,30,0,550,TRUE,0,0,554,TRUE,TRUE,345000,0,55400,400400
12206,0,0,0,0,0,0,1054,55,1109,TRUE,324.6,0,298,TRUE,TRUE,0,14323.26284,0,14323.26284
12209,0,0,0,0,0,0,568,400,968,TRUE,165.4,393,558,TRUE,TRUE,0,129537.0079,39300,168837.0079
12222,0,0,0,0,0,0,0,0,0,TRUE,0,0,0,TRUE,TRUE,0,0,0,0
12226,0,0,0,0,0,0,0,0,0,TRUE,0,0,0,TRUE,TRUE,0,0,0,0
12303,0,0,0,0,0,0,956,520,1466,TRUE,322.6,520,842,TRUE,TRUE,0,217002.9497,52000,269002.9497
12304,0,0,1,400,177,177,961,317,1678,TRUE,463.4,234,874,TRUE,TRUE,115000,101710.3448,41100,257810.3448
12306,0,0,3,1200,600,600,585,366,1383,TRUE,240.8,366,1206,TRUE,TRUE,345000,181492.5982,96600,623092.5982
12307,0,0,2,800,369,369,284,0,764,TRUE,0,0,369,TRUE,TRUE,230000,0,36900,266900
12308,0,0,1,400,200,200,317,200,886,TRUE,131.4,200,531,TRUE,TRUE,115000,94086.95652,40000,249086.9565
12404,1,0,0,100,50,50,80,82,176,TRUE,0,82,132,TRUE,TRUE,65000,36900,13200,115100
12407,1,0,0,100,3,3,0,0,7,TRUE,0,0,3,TRUE,TRUE,65000,0,300,65300
12409,1,0,0,100,38,38,0,0,37,TRUE,0,0,38,TRUE,TRUE,65000,0,3800,68800
12410,0,0,0,0,0,0,0,0,0,TRUE,0,0,0,TRUE,TRUE,0,0,0,0
12411,1,0,0,100,17,17,0,0,23,TRUE,0,0,17,TRUE,TRUE,65000,0,1700,66700
12412,1,0,0,100,0,0,0,0,11,TRUE,0,0,0,TRUE,TRUE,65000,0,0,65000
12413,1,0,0,100,7,7,86,1,187,TRUE,42.8,1,50,TRUE,TRUE,65000,544.8275862,800,66344.82759
12414,0,0,1,400,200,200,216,174,334,TRUE,0,174,374,TRUE,TRUE,115000,56550,37400,208950
12416,0,0,0,0,0,0,0,0,0,TRUE,0,0,0,TRUE,TRUE,0,0,0,0
12417,1,0,0,100,0,0,0,0,7,TRUE,0,0,0,TRUE,TRUE,65000,0,0,65000
12418,1,0,0,100,20,20,0,0,18,TRUE,0,0,20,TRUE,TRUE,65000,0,2000,67000
12419,1,0,0,100,50,50,8,6,51,TRUE,0,6,56,TRUE,TRUE,65000,16200,5600,86800
12420,0,1,0,200,66,66,0,0,33,TRUE,0,0,66,TRUE,TRUE,95000,0,6600,101600
12421,1,0,0,100,0,0,0,0,7,TRUE,0,0,0,TRUE,TRUE,65000,0,0,65000
12422,1,0,0,100,0,0,0,0,3,TRUE,0,0,0,TRUE,TRUE,65000,0,0,65000
12423,1,0,0,100,6,6,0,0,60,TRUE,0,0,6,TRUE,TRUE,65000,0,600,65600
12424,1,0,0,100,0,0,0,0,5,TRUE,0,0,0,TRUE,TRUE,65000,0,0,65000
12427,0,0,1,400,131,131,0,0,148,TRUE,0,0,131,TRUE,TRUE,115000,0,13100,128100
12429,0,0,0,0,0,0,0,0,0,TRUE,0,0,0,TRUE,TRUE,0,0,0,0
12430,1,0,0,100,26,26,0,0,63,TRUE,0,0,26,TRUE,TRUE,65000,0,2600,67600
12431,0,1,0,200,72,72,8,0,88,TRUE,0,0,72,TRUE,TRUE,95000,0,7200,102200
12433,1,0,0,100,40,40,0,0,47,TRUE,0,0,40,TRUE,TRUE,65000,0,4000,69000
12434,1,0,0,100,50,50,8,7,96,TRUE,0,7,57,TRUE,TRUE,65000,18900,5700,89600
12435,1,0,0,100,5,5,0,0,19,TRUE,0,0,5,TRUE,TRUE,65000,0,500,65500
12436,1,0,0,100,0,0,0,0,2,TRUE,0,0,0,TRUE,TRUE,65000,0,0,65000
12438,1,0,0,100,0,0,0,0,2,TRUE,0,0,0,TRUE,TRUE,65000,0,0,65000
12439,1,0,0,100,6,6,0,0,7,TRUE,0,0,6,TRUE,TRUE,65000,0,600,65600
12440,1,0,0,100,26,26,0,0,67,TRUE,0,0,26,TRUE,TRUE,65000,0,2600,67600
12441,0,0,0,0,0,0,0,0,0,TRUE,0,0,0,TRUE,TRUE,0,0,0,0
12442,1,0,0,100,20,20,0,0,19,TRUE,0,0,20,TRUE,TRUE,65000,0,2000,67000
12444,1,0,0,100,0,0,0,0,4,TRUE,0,0,0,TRUE,TRUE,65000,0,0,65000
12446,0,0,1,400,180,180,16,0,198,TRUE,0,0,180,TRUE,TRUE,115000,0,18000,133000
12448,0,0,0,0,0,0,0,0,0,TRUE,0,0,0,TRUE,TRUE,0,0,0,0
12450,1,0,0,100,7,7,0,0,12,TRUE,0,0,7,TRUE,TRUE,65000,0,700,65700
12451,1,0,0,100,43,43,8,0,51,TRUE,0,0,43,TRUE,TRUE,65000,0,4300,69300
12452,0,0,0,0,0,0,0,0,0,TRUE,0,0,0,TRUE,TRUE,0,0,0,0
12453,0,0,0,0,0,0,0,0,0,TRUE,0,0,0,TRUE,TRUE,0,0,0,0
12454,1,0,0,100,24,24,0,0,31,TRUE,0,0,24,TRUE,TRUE,65000,0,2400,67400
12455,1,0,0,100,31,31,8,0,80,TRUE,0,0,31,TRUE,TRUE,65000,0,3100,68100
12456,1,0,0,100,12,12,0,0,57,TRUE,0,0,12,TRUE,TRUE,65000,0,1200,66200
12457,1,0,0,100,50,50,16,16,54,TRUE,0,16,66,TRUE,TRUE,65000,23200,6600,94800
12458,1,0,0,100,41,41,0,0,81,TRUE,0,0,41,TRUE,TRUE,65000,0,4100,69100
12459,0,0,0,0,0,0,0,0,0,TRUE,0,0,0,TRUE,TRUE,0,0,0,0
12460,1,0,0,100,29,29,0,0,27,TRUE,0,0,29,TRUE,TRUE,65000,0,2900,67900
12461,1,0,0,100,48,48,16,0,57,TRUE,0,0,48,TRUE,TRUE,65000,0,4800,69800
12463,1,0,0,100,15,15,12,0,34,TRUE,0,0,15,TRUE,TRUE,65000,0,1500,66500
12465,1,0,0,100,7,7,0,0,9,TRUE,0,0,7,TRUE,TRUE,65000,0,700,65700
12468,1,0,0,100,40,40,0,0,63,TRUE,0,0,40,TRUE,TRUE,65000,0,4000,69000
12469,1,0,0,100,16,16,0,0,16,TRUE,0,0,16,TRUE,TRUE,65000,0,1600,66600
12470,1,0,0,100,42,42,0,0,56,TRUE,0,0,42,TRUE,TRUE,65000,0,4200,69200
12471,0,0,0,0,0,0,0,0,0,TRUE,0,0,0,TRUE,TRUE,0,0,0,0
12472,1,0,0,100,16,16,0,0,41,TRUE,0,0,16,TRUE,TRUE,65000,0,1600,66600
12473,1,0,0,100,0,0,0,0,36,TRUE,0,0,0,TRUE,TRUE,65000,0,0,65000
12474,1,0,0,100,13,13,0,0,30,TRUE,0,0,13,TRUE,TRUE,65000,0,1300,66300
12475,1,0,0,100,16,16,0,0,19,TRUE,0,0,16,TRUE,TRUE,65000,0,1600,66600
12480,1,0,0,100,4,4,0,0,20,TRUE,0,0,4,TRUE,TRUE,65000,0,400,65400
12481,1,0,0,100,0,0,0,0,17,TRUE,0,0,0,TRUE,TRUE,65000,0,0,65000
12482,1,0,0,100,0,0,0,0,3,TRUE,0,0,0,TRUE,TRUE,65000,0,0,65000
12483,1,0,0,100,0,0,0,0,3,TRUE,0,0,0,TRUE,TRUE,65000,0,0,65000
12484,0,0,0,0,0,0,87,79,166,TRUE,64.2,21,85,TRUE,TRUE,0,48594.61279,2100,50694.61279
12485,1,0,0,100,6,6,29,0,82,TRUE,25,0,31,TRUE,TRUE,65000,0,600,65600
12486,1,0,0,100,30,30,0,0,86,TRUE,0,0,30,TRUE,TRUE,65000,0,3000,68000
12487,0,1,0,200,68,68,0,0,138,TRUE,0,0,68,TRUE,TRUE,95000,0,6800,101800
12489,0,0,0,0,0,0,0,0,0,TRUE,0,0,0,TRUE,TRUE,0,0,0,0
12490,0,0,0,0,0,0,0,0,0,TRUE,0,0,0,TRUE,TRUE,0,0,0,0
12491,0,1,0,200,86,86,0,0,99,TRUE,0,0,86,TRUE,TRUE,95000,0,8600,103600
12492,1,0,0,100,5,5,0,0,4,TRUE,0,0,5,TRUE,TRUE,65000,0,500,65500
12493,1,0,0,100,0,0,0,0,1,TRUE,0,0,0,TRUE,TRUE,65000,0,0,65000
12494,1,0,0,100,22,22,0,0,26,TRUE,0,0,22,TRUE,TRUE,65000,0,2200,67200
12495,0,0,0,0,0,0,0,0,0,TRUE,0,0,0,TRUE,TRUE,0,0,0,0
12496,1,0,0,100,23,23,0,0,44,TRUE,0,0,23,TRUE,TRUE,65000,0,2300,67300
12498,1,0,0,100,18,18,44,0,118,TRUE,26.4,0,44,TRUE,TRUE,65000,0,1800,66800
12502,0,1,0,200,72,72,0,0,70,TRUE,0,0,72,TRUE,TRUE,95000,0,7200,102200
12503,1,0,0,100,11,11,0,0,29,TRUE,0,0,11,TRUE,TRUE,65000,0,1100,66100
12507,1,0,0,100,0,0,0,0,10,TRUE,0,0,0,TRUE,TRUE,65000,0,0,65000
12512,1,0,0,100,8,8,0,0,4,TRUE,0,0,8,TRUE,TRUE,65000,0,800,65800
12513,0,0,0,0,0,0,0,0,0,TRUE,0,0,0,TRUE,TRUE,0,0,0,0
12514,0,1,0,200,77,77,0,0,91,TRUE,0,0,77,TRUE,TRUE,95000,0,7700,102700
12515,1,0,0,100,37,37,0,0,57,TRUE,0,0,37,TRUE,TRUE,65000,0,3700,68700
12516,1,0,0,100,24,24,0,0,36,TRUE,0,0,24,TRUE,TRUE,65000,0,2400,67400
12517,1,0,0,100,14,14,0,0,19,TRUE,0,0,14,TRUE,TRUE,65000,0,1400,66400
12518,0,0,1,400,200,200,116,5,281,TRUE,36,5,241,TRUE,TRUE,115000,2250,20500,137750
12521,0,0,0,0,0,0,18,20,38,TRUE,10.8,0,8,TRUE,TRUE,0,26222.22222,0,26222.22222
12522,0,1,0,200,95,95,48,0,152,TRUE,0,0,95,TRUE,TRUE,95000,0,9500,104500
12523,0,1,0,200,54,54,0,0,101,TRUE,0,0,54,TRUE,TRUE,95000,0,5400,100400
12524,0,0,0,0,0,0,490,310,629,TRUE,100.4,310,410,TRUE,TRUE,0,147641.4141,31000,178641.4141
12525,1,0,0,100,20,20,0,0,91,TRUE,0,0,20,TRUE,TRUE,65000,0,2000,67000
12526,1,0,0,100,50,50,8,6,78,TRUE,0,6,56,TRUE,TRUE,65000,16200,5600,86800
12529,0,1,0,200,68,68,0,0,73,TRUE,0,0,68,TRUE,TRUE,95000,0,6800,101800
12530,0,0,0,0,0,0,0,0,0,TRUE,0,0,0,TRUE,TRUE,0,0,0,0
12531,0,0,0,0,0,0,158,44,190,TRUE,92,44,136,TRUE,TRUE,0,17512.87129,4400,21912.87129
12533,0,0,0,0,0,0,830,698,1528,TRUE,487.4,694,1181,TRUE,TRUE,0,226406.3302,69400,295806.3302
12540,0,0,1,400,200,200,187,105,576,TRUE,74,105,379,TRUE,TRUE,115000,46500,30500,192000
12542,0,0,0,0,0,0,167,102,257,TRUE,79.8,102,181,TRUE,TRUE,0,50400,10200,60600
12543,0,0,1,400,133,133,0,0,146,TRUE,0,0,133,TRUE,TRUE,115000,0,13300,128300
12544,0,0,0,0,0,0,0,0,0,TRUE,0,0,0,TRUE,TRUE,0,0,0,0
12545,0,0,0,0,0,0,100,52,118,TRUE,26.4,52,78,TRUE,TRUE,0,34036.36364,5200,39236.36364
12546,1,0,0,100,50,50,29,10,114,TRUE,22.2,10,82,TRUE,TRUE,65000,8896.551724,6000,79896.55172
12547,0,0,0,0,0,0,142,46,188,TRUE,70,42,112,TRUE,TRUE,0,23139.39394,4200,27339.39394
12548,1,0,0,100,6,6,0,0,61,TRUE,0,0,6,TRUE,TRUE,65000,0,600,65600
12549,0,0,0,0,0,0,558,85,643,TRUE,252.4,28,280,TRUE,TRUE,0,24024.79339,2800,26824.79339
12553,0,0,0,0,0,0,945,313,1258,TRUE,513.4,251,764,TRUE,TRUE,0,109839.3756,25100,134939.3756
12563,0,0,0,0,0,0,232,65,241,TRUE,53.4,65,118,TRUE,TRUE,0,25264.15094,6500,31764.15094
12565,0,1,0,200,100,100,18,0,111,TRUE,10.8,0,110,TRUE,TRUE,95000,0,10000,105000
12567,0,1,0,200,68,68,0,0,72,TRUE,0,0,68,TRUE,TRUE,95000,0,6800,101800
12569,0,0,1,400,200,200,196,123,467,TRUE,41.6,123,364,TRUE,TRUE,115000,47807.54717,32300,195107.5472
12571,1,0,0,100,43,43,192,95,387,TRUE,44.4,95,182,TRUE,TRUE,65000,42750,13800,121550
12574,1,0,0,100,11,11,0,0,6,TRUE,0,0,11,TRUE,TRUE,65000,0,1100,66100
12575,1,0,0,100,50,50,24,4,73,TRUE,0,4,54,TRUE,TRUE,65000,5800,5400,76200
12577,1,0,0,100,36,36,16,0,64,TRUE,0,0,36,TRUE,TRUE,65000,0,3600,68600
12578,0,0,0,0,0,0,32,25,57,TRUE,0,20,20,TRUE,TRUE,0,43750,2000,45750
12581,1,0,0,100,50,50,48,31,93,TRUE,24,31,105,TRUE,TRUE,65000,21700,8100,94800
12582,0,1,0,200,100,100,64,8,192,TRUE,0,8,108,TRUE,TRUE,95000,11600,10800,117400
12583,1,0,0,100,26,26,16,0,102,TRUE,0,0,26,TRUE,TRUE,65000,0,2600,67600
12585,0,0,0,0,0,0,16,15,18,TRUE,0,15,15,TRUE,TRUE,0,21750,1500,23250
12586,0,0,2,800,400,400,197,131,739,TRUE,55.8,131,586,TRUE,TRUE,230000,83973.58491,53100,367073.5849
12589,0,0,3,1200,600,600,288,78,891,TRUE,12,78,690,TRUE,TRUE,345000,42600,67800,455400
12592,1,0,0,100,50,50,0,0,83,TRUE,0,0,50,TRUE,TRUE,65000,0,5000,70000
12719,0,0,0,0,0,0,15,17,23,TRUE,15,17,32,TRUE,TRUE,0,26066.66667,1700,27766.66667
12721,0,1,2,1000,495,495,16,0,539,TRUE,0,0,495,TRUE,TRUE,325000,0,49500,374500
12722,0,0,0,0,0,0,0,0,0,TRUE,0,0,0,TRUE,TRUE,0,0,0,0
12723,1,0,0,100,10,10,8,0,39,TRUE,0,0,10,TRUE,TRUE,65000,0,1000,66000
12724,0,0,0,0,0,0,0,0,0,TRUE,0,0,0,TRUE,TRUE,0,0,0,0
12726,0,1,0,200,86,86,8,0,80,TRUE,0,0,86,TRUE,TRUE,95000,0,8600,103600
12732,1,0,0,100,13,13,8,0,23,TRUE,0,0,13,TRUE,TRUE,65000,0,1300,66300
12733,1,0,0,100,21,21,0,0,89,TRUE,0,0,21,TRUE,TRUE,65000,0,2100,67100
12734,0,1,0,200,70,70,0,0,122,TRUE,0,0,70,TRUE,TRUE,95000,0,7000,102000
12736,0,0,0,0,0,0,0,0,0,TRUE,0,0,0,TRUE,TRUE,0,0,0,0
12738,1,0,0,100,0,0,8,0,26,TRUE,0,0,0,TRUE,TRUE,65000,0,0,65000
12740,0,0,0,0,0,0,68,44,73,TRUE,0,44,44,TRUE,TRUE,0,23466.66667,4400,27866.66667
12741,1,0,0,100,0,0,0,0,5,TRUE,0,0,0,TRUE,TRUE,65000,0,0,65000
12743,1,0,0,100,0,0,0,0,8,TRUE,0,0,0,TRUE,TRUE,65000,0,0,65000
12746,1,0,0,100,30,30,0,0,31,TRUE,0,0,30,TRUE,TRUE,65000,0,3000,68000
12749,1,0,0,100,0,0,0,0,21,TRUE,0,0,0,TRUE,TRUE,65000,0,0,65000
12750,1,0,0,100,3,3,0,0,2,TRUE,0,0,3,TRUE,TRUE,65000,0,300,65300
12751,0,0,1,400,165,165,0,0,203,TRUE,0,0,165,TRUE,TRUE,115000,0,16500,131500
12752,1,0,0,100,4,4,0,0,4,TRUE,0,0,4,TRUE,TRUE,65000,0,400,65400
12758,0,0,0,0,0,0,149,79,197,TRUE,89.4,79,168,TRUE,TRUE,0,26404.02685,7900,34304.02685
12759,0,0,1,400,54,54,0,0,250,TRUE,0,0,54,TRUE,TRUE,115000,0,5400,120400
12760,1,0,0,100,2,2,0,0,8,TRUE,0,0,2,TRUE,TRUE,65000,0,200,65200
12763,1,0,0,100,4,4,0,0,8,TRUE,0,0,4,TRUE,TRUE,65000,0,400,65400
12764,1,0,0,100,28,28,8,0,62,TRUE,0,0,28,TRUE,TRUE,65000,0,2800,67800
12765,1,0,0,100,13,13,0,0,33,TRUE,0,0,13,TRUE,TRUE,65000,0,1300,66300
12766,1,0,0,100,0,0,0,0,28,TRUE,0,0,0,TRUE,TRUE,65000,0,0,65000
12767,1,0,0,100,25,25,0,0,13,TRUE,0,0,25,TRUE,TRUE,65000,0,2500,67500
12768,1,0,0,100,18,18,0,0,15,TRUE,0,0,18,TRUE,TRUE,65000,0,1800,66800
12769,1,0,0,100,18,18,0,0,9,TRUE,0,0,18,TRUE,TRUE,65000,0,1800,66800
12770,1,0,0,100,0,0,0,0,9,TRUE,0,0,0,TRUE,TRUE,65000,0,0,65000
12771,0,0,0,0,0,0,409,335,649,TRUE,145.8,335,480,TRUE,TRUE,0,154416.8096,33500,187916.8096
12775,1,0,0,100,50,50,41,19,95,TRUE,27.2,19,96,TRUE,TRUE,65000,13068.29268,6900,84968.29268
12776,1,0,0,100,32,32,0,0,68,TRUE,0,0,32,TRUE,TRUE,65000,0,3200,68200
12777,1,0,0,100,32,32,0,0,26,TRUE,0,0,32,TRUE,TRUE,65000,0,3200,68200
12778,1,0,0,100,0,0,0,0,37,TRUE,0,0,0,TRUE,TRUE,65000,0,0,65000
12779,0,0,1,400,146,146,0,0,239,TRUE,0,0,146,TRUE,TRUE,115000,0,14600,129600
12780,1,0,0,100,21,21,0,0,75,TRUE,0,0,21,TRUE,TRUE,65000,0,2100,67100
12781,0,0,0,0,0,0,0,0,0,TRUE,0,0,0,TRUE,TRUE,0,0,0,0
12783,0,1,0,200,53,53,0,0,59,TRUE,0,0,53,TRUE,TRUE,95000,0,5300,100300
12784,0,0,0,0,0,0,0,0,0,TRUE,0,0,0,TRUE,TRUE,0,0,0,0
12785,1,0,0,100,0,0,0,0,89,TRUE,0,0,0,TRUE,TRUE,65000,0,0,65000
12786,1,0,0,100,0,0,0,0,3,TRUE,0,0,0,TRUE,TRUE,65000,0,0,65000
12787,0,0,0,0,0,0,0,0,0,TRUE,0,0,0,TRUE,TRUE,0,0,0,0
12789,0,1,0,200,95,95,16,0,185,TRUE,0,0,95,TRUE,TRUE,95000,0,9500,104500
12790,1,0,0,100,50,50,114,93,185,TRUE,13.2,93,156,TRUE,TRUE,65000,38817.3913,14300,118117.3913
12792,1,0,0,100,0,0,0,0,2,TRUE,0,0,0,TRUE,TRUE,65000,0,0,65000
12808,1,0,0,100,3,3,0,0,2,TRUE,0,0,3,TRUE,TRUE,65000,0,300,65300
12809,0,0,1,400,141,141,32,0,178,TRUE,0,0,141,TRUE,TRUE,115000,0,14100,129100
12810,1,0,0,100,24,24,0,0,38,TRUE,0,0,24,TRUE,TRUE,65000,0,2400,67400
12811,1,0,0,100,12,12,0,0,18,TRUE,0,0,12,TRUE,TRUE,65000,0,1200,66200
12814,0,0,0,0,0,0,20,12,26,TRUE,0,12,12,TRUE,TRUE,0,14400,1200,15600
12815,1,0,0,100,10,10,0,0,40,TRUE,0,0,10,TRUE,TRUE,65000,0,1000,66000
12816,0,0,0,0,0,0,84,93,177,TRUE,28,51,79,TRUE,TRUE,0,62736.36364,5100,67836.36364
12817,0,0,0,0,0,0,47,13,60,TRUE,31.4,0,28,TRUE,TRUE,0,11565.51724,0,11565.51724
12819,1,0,0,100,5,5,0,0,14,TRUE,0,0,5,TRUE,TRUE,65000,0,500,65500
12820,1,0,0,100,0,0,0,0,15,TRUE,0,0,0,TRUE,TRUE,65000,0,0,65000
12821,0,0,0,0,0,0,8,9,17,TRUE,0,4,4,TRUE,TRUE,0,24300,400,24700
12822,1,0,1,500,250,250,60,32,458,TRUE,0,32,282,TRUE,TRUE,180000,20945.45455,28200,229145.4545
12823,1,0,0,100,0,0,0,0,27,TRUE,0,0,0,TRUE,TRUE,65000,0,0,65000
12824,1,0,0,100,42,42,0,0,34,TRUE,0,0,42,TRUE,TRUE,65000,0,4200,69200
12827,1,0,1,500,220,220,0,0,184,TRUE,0,0,220,TRUE,TRUE,180000,0,22000,202000
12828,0,0,0,0,0,0,288,243,531,TRUE,132.4,95,227,TRUE,TRUE,0,93477.34488,9500,102977.3449
12833,0,0,1,400,197,197,35,0,254,TRUE,11.4,0,208,TRUE,TRUE,115000,0,19700,134700
12835,1,0,0,100,43,43,0,0,61,TRUE,0,0,43,TRUE,TRUE,65000,0,4300,69300
12836,1,0,0,100,2,2,0,0,7,TRUE,0,0,2,TRUE,TRUE,65000,0,200,65200
12837,1,0,0,100,9,9,0,0,63,TRUE,0,0,9,TRUE,TRUE,65000,0,900,65900
12838,1,0,0,100,25,25,0,0,52,TRUE,0,0,25,TRUE,TRUE,65000,0,2500,67500
12841,0,0,0,0,0,0,0,0,0,TRUE,0,0,0,TRUE,TRUE,0,0,0,0
12842,0,0,0,0,0,0,16,18,34,TRUE,0,18,18,TRUE,TRUE,0,26100,1800,27900
12843,1,0,0,100,16,16,0,0,66,TRUE,0,0,16,TRUE,TRUE,65000,0,1600,66600
12844,1,0,0,100,0,0,0,0,8,TRUE,0,0,0,TRUE,TRUE,65000,0,0,65000
12845,0,0,1,400,140,140,33,0,168,TRUE,0,0,140,TRUE,TRUE,115000,0,14000,129000
12846,0,0,0,0,0,0,60,46,106,TRUE,12,36,48,TRUE,TRUE,0,32200,3600,35800
12847,1,0,0,100,18,18,0,0,20,TRUE,0,0,18,TRUE,TRUE,65000,0,1800,66800
12850,0,1,0,200,69,69,0,0,99,TRUE,0,0,69,TRUE,TRUE,95000,0,6900,101900
12851,1,0,0,100,14,14,0,0,21,TRUE,0,0,14,TRUE,TRUE,65000,0,1400,66400
12852,1,0,0,100,3,3,0,0,12,TRUE,0,0,3,TRUE,TRUE,65000,0,300,65300
12853,0,1,0,200,33,33,0,0,123,TRUE,0,0,33,TRUE,TRUE,95000,0,3300,98300
12854,1,0,0,100,21,21,0,0,17,TRUE,0,0,21,TRUE,TRUE,65000,0,2100,67100
12855,1,0,0,100,6,6,0,0,11,TRUE,0,0,6,TRUE,TRUE,65000,0,600,65600
12856,1,0,0,100,0,0,0,0,5,TRUE,0,0,0,TRUE,TRUE,65000,0,0,65000
12857,1,0,0,100,11,11,0,0,22,TRUE,0,0,11,TRUE,TRUE,65000,0,1100,66100
12858,1,0,0,100,0,0,0,0,1,TRUE,0,0,0,TRUE,TRUE,65000,0,0,65000
12859,0,1,0,200,82,82,0,0,125,TRUE,0,0,82,TRUE,TRUE,95000,0,8200,103200
12860,1,0,0,100,24,24,0,0,29,TRUE,0,0,24,TRUE,TRUE,65000,0,2400,67400
12861,1,0,0,100,18,18,0,0,31,TRUE,0,0,18,TRUE,TRUE,65000,0,1800,66800
12862,1,0,0,100,0,0,0,0,12,TRUE,0,0,0,TRUE,TRUE,65000,0,0,65000
12863,1,0,0,100,8,8,0,0,71,TRUE,0,0,8,TRUE,TRUE,65000,0,800,65800
12864,0,0,0,0,0,0,0,0,0,TRUE,0,0,0,TRUE,TRUE,0,0,0,0
12865,0,0,1,400,135,135,24,0,235,TRUE,0,0,135,TRUE,TRUE,115000,0,13500,128500
12866,0,0,0,0,0,0,981,498,1296,TRUE,334.2,498,832,TRUE,TRUE,0,202992.2231,49800,252792.2231
12870,0,0,0,0,0,0,30,35,65,TRUE,0,30,30,TRUE,TRUE,0,30333.33333,3000,33333.33333
12872,0,0,0,0,0,0,0,0,0,TRUE,0,0,0,TRUE,TRUE,0,0,0,0
12873,1,0,0,100,48,48,0,0,36,TRUE,0,0,48,TRUE,TRUE,65000,0,4800,69800
12874,1,0,0,100,0,0,0,0,2,TRUE,0,0,0,TRUE,TRUE,65000,0,0,65000
12878,1,0,0,100,17,17,0,0,54,TRUE,0,0,17,TRUE,TRUE,65000,0,1700,66700
12884,1,0,0,100,32,32,0,0,40,TRUE,0,0,32,TRUE,TRUE,65000,0,3200,68200
12885,0,1,0,200,37,37,122,1,323,TRUE,57.6,1,95,TRUE,TRUE,95000,477.7777778,3800,99277.77778
12886,1,0,0,100,0,0,0,0,5,TRUE,0,0,0,TRUE,TRUE,65000,0,0,65000
12887,0,0,1,400,200,200,71,16,408,TRUE,31.4,16,247,TRUE,TRUE,115000,11405.12821,21600,148005.1282
12910,0,1,0,200,48,48,0,0,120,TRUE,0,0,48,TRUE,TRUE,95000,0,4800,99800
12911,0,0,0,0,0,0,0,0,0,TRUE,0,0,0,TRUE,TRUE,0,0,0,0
12912,1,0,0,100,12,12,44,0,113,TRUE,12,0,24,TRUE,TRUE,65000,0,1200,66200
12914,1,0,0,100,28,28,16,0,61,TRUE,0,0,28,TRUE,TRUE,65000,0,2800,67800
12915,0,0,0,0,0,0,0,0,0,TRUE,0,0,0,TRUE,TRUE,0,0,0,0
12916,1,0,0,100,20,20,64,44,208,TRUE,12,44,76,TRUE,TRUE,65000,28800,6400,100200
12917,1,0,0,100,40,40,0,0,100,TRUE,0,0,40,TRUE,TRUE,65000,0,4000,69000
12919,0,1,0,200,100,100,49,6,161,TRUE,10.2,6,116,TRUE,TRUE,95000,8258.823529,10600,113858.8235
12920,1,0,0,100,50,50,44,45,127,TRUE,0,45,95,TRUE,TRUE,65000,29454.54545,9500,103954.5455
12922,1,0,0,100,2,2,0,0,2,TRUE,0,0,2,TRUE,TRUE,65000,0,200,65200
12923,1,0,0,100,24,24,16,0,41,TRUE,0,0,24,TRUE,TRUE,65000,0,2400,67400
12924,1,0,0,100,0,0,0,0,13,TRUE,0,0,0,TRUE,TRUE,65000,0,0,65000
12927,1,0,0,100,0,0,0,0,2,TRUE,0,0,0,TRUE,TRUE,65000,0,0,65000
12928,0,1,0,200,64,64,0,0,128,TRUE,0,0,64,TRUE,TRUE,95000,0,6400,101400
12929,1,0,0,100,43,43,8,0,63,TRUE,0,0,43,TRUE,TRUE,65000,0,4300,69300
12930,0,1,0,200,78,78,0,0,87,TRUE,0,0,78,TRUE,TRUE,95000,0,7800,102800
12933,0,0,0,0,0,0,0,0,0,TRUE,0,0,0,TRUE,TRUE,0,0,0,0
12934,1,0,0,100,50,50,8,5,104,TRUE,0,5,55,TRUE,TRUE,65000,13500,5500,84000
12935,1,0,0,100,24,24,34,0,99,TRUE,10.8,0,34,TRUE,TRUE,65000,0,2400,67400
12936,0,0,0,0,0,0,16,8,22,TRUE,0,8,8,TRUE,TRUE,0,11600,800,12400
12937,0,1,0,200,51,51,16,0,141,TRUE,0,0,51,TRUE,TRUE,95000,0,5100,100100
12944,0,0,0,0,0,0,155,106,261,TRUE,89.4,0,89,TRUE,TRUE,0,38720.66116,0,38720.66116
12945,1,0,0,100,14,14,0,0,47,TRUE,0,0,14,TRUE,TRUE,65000,0,1400,66400
12950,0,0,0,0,0,0,32,18,40,TRUE,0,18,18,TRUE,TRUE,0,26100,1800,27900
12952,1,0,0,100,20,20,0,0,43,TRUE,0,0,20,TRUE,TRUE,65000,0,2000,67000
12955,1,0,0,100,3,3,0,0,11,TRUE,0,0,3,TRUE,TRUE,65000,0,300,65300
12956,1,0,0,100,27,27,20,0,61,TRUE,12,0,39,TRUE,TRUE,65000,0,2700,67700
12957,0,1,0,200,38,38,0,0,153,TRUE,0,0,38,TRUE,TRUE,95000,0,3800,98800
12958,1,0,0,100,28,28,32,0,124,TRUE,0,0,28,TRUE,TRUE,65000,0,2800,67800
12959,1,0,0,100,48,48,8,0,94,TRUE,0,0,48,TRUE,TRUE,65000,0,4800,69800
12960,1,0,0,100,50,50,16,14,53,TRUE,0,14,64,TRUE,TRUE,65000,20300,6400,91700
12961,0,0,0,0,0,0,0,0,0,TRUE,0,0,0,TRUE,TRUE,0,0,0,0
12964,0,0,0,0,0,0,0,0,0,TRUE,0,0,0,TRUE,TRUE,0,0,0,0
12965,1,0,0,100,7,7,0,0,21,TRUE,0,0,7,TRUE,TRUE,65000,0,700,65700
12966,0,0,1,400,197,197,0,0,356,TRUE,0,0,197,TRUE,TRUE,115000,0,19700,134700
12967,1,0,0,100,34,34,0,0,93,TRUE,0,0,34,TRUE,TRUE,65000,0,3400,68400
12969,1,0,0,100,0,0,0,0,8,TRUE,0,0,0,TRUE,TRUE,65000,0,0,65000
12970,1,0,0,100,4,4,0,0,8,TRUE,0,0,4,TRUE,TRUE,65000,0,400,65400
12972,0,0,1,400,200,200,88,84,383,TRUE,0,84,284,TRUE,TRUE,115000,85800,28400,229200
12973,1,0,0,100,4,4,0,0,11,TRUE,0,0,4,TRUE,TRUE,65000,0,400,65400
12975,1,0,0,100,8,8,0,0,7,TRUE,0,0,8,TRUE,TRUE,65000,0,800,65800
12976,1,0,0,100,4,4,0,0,4,TRUE,0,0,4,TRUE,TRUE,65000,0,400,65400
12978,1,0,0,100,6,6,0,0,10,TRUE,0,0,6,TRUE,TRUE,65000,0,600,65600
12979,0,0,0,0,0,0,136,39,140,TRUE,54.8,39,93,TRUE,TRUE,0,13535.29412,3900,17435.29412
12980,1,0,0,100,6,6,0,0,31,TRUE,0,0,6,TRUE,TRUE,65000,0,600,65600
12986,1,0,0,100,50,50,128,13,205,TRUE,33.6,13,96,TRUE,TRUE,65000,9442.105263,6300,80742.10526
12987,1,0,0,100,5,5,0,0,4,TRUE,0,0,5,TRUE,TRUE,65000,0,500,65500
12989,1,0,0,100,19,19,0,0,34,TRUE,0,0,19,TRUE,TRUE,65000,0,1900,66900
12992,0,0,1,400,148,148,48,0,231,TRUE,0,0,148,TRUE,TRUE,115000,0,14800,129800
12996,1,0,0,100,10,10,35,0,97,TRUE,29,0,39,TRUE,TRUE,65000,0,1000,66000
12997,1,0,0,100,16,16,0,0,26,TRUE,0,0,16,TRUE,TRUE,65000,0,1600,66600
12998,1,0,0,100,0,0,0,0,48,TRUE,0,0,0,TRUE,TRUE,65000,0,0,65000
13024,0,0,0,0,0,0,0,0,0,TRUE,0,0,0,TRUE,TRUE,0,0,0,0
13026,1,0,0,100,18,18,0,0,49,TRUE,0,0,18,TRUE,TRUE,65000,0,1800,66800
13027,0,0,2,800,400,400,859,660,1921,TRUE,216.8,660,1276,TRUE,TRUE,230000,286795.5519,106000,622795.5519
13028,1,0,0,100,26,26,0,0,61,TRUE,0,0,26,TRUE,TRUE,65000,0,2600,67600
13029,0,0,2,800,400,400,76,2,515,TRUE,0,2,402,TRUE,TRUE,230000,1066.666667,40200,271266.6667
13030,0,0,1,400,127,127,16,0,254,TRUE,0,0,127,TRUE,TRUE,115000,0,12700,127700
13034,0,1,0,200,100,100,0,0,105,TRUE,0,0,100,TRUE,TRUE,95000,0,10000,105000
13035,0,0,0,0,0,0,236,54,289,TRUE,115.6,54,169,TRUE,TRUE,0,21820.40816,5400,27220.40816
13036,0,0,1,400,200,200,238,124,443,TRUE,0,124,324,TRUE,TRUE,115000,49942.85714,32400,197342.8571
13040,0,1,0,200,83,83,0,0,176,TRUE,0,0,83,TRUE,TRUE,95000,0,8300,103300
13042,1,0,0,100,42,42,0,0,74,TRUE,0,0,42,TRUE,TRUE,65000,0,4200,69200
13044,0,0,1,400,152,152,79,0,163,TRUE,0,0,152,TRUE,TRUE,115000,0,15200,130200
13045,0,0,0,0,0,0,944,438,1098,TRUE,404.8,438,842,TRUE,TRUE,0,175917.4603,43800,219717.4603
13051,0,0,0,0,0,0,0,0,0,TRUE,0,0,0,TRUE,TRUE,0,0,0,0
13052,0,1,0,200,72,72,8,0,92,TRUE,0,0,72,TRUE,TRUE,95000,0,7200,102200
13053,0,0,0,0,0,0,186,80,204,TRUE,134,80,214,TRUE,TRUE,0,35512.19512,8000,43512.19512
13060,0,0,1,400,139,139,61,0,141,TRUE,0,0,139,TRUE,TRUE,115000,0,13900,128900
13061,1,0,0,100,11,11,0,0,31,TRUE,0,0,11,TRUE,TRUE,65000,0,1100,66100
13062,1,0,0,100,18,18,0,0,9,TRUE,0,0,18,TRUE,TRUE,65000,0,1800,66800
13065,1,0,0,100,0,0,0,0,17,TRUE,0,0,0,TRUE,TRUE,65000,0,0,65000
13066,0,0,1,400,200,200,378,261,633,TRUE,106.6,261,567,TRUE,TRUE,115000,106441.3793,46100,267541.3793
13068,0,0,0,0,0,0,129,104,196,TRUE,0,104,104,TRUE,TRUE,0,65885.61644,10400,76285.61644
13069,0,0,3,1200,600,600,563,295,1864,TRUE,112.4,295,1007,TRUE,TRUE,345000,141777.7778,89500,576277.7778
13071,1,0,0,100,48,48,16,0,53,TRUE,0,0,48,TRUE,TRUE,65000,0,4800,69800
13072,1,0,0,100,20,20,0,0,44,TRUE,0,0,20,TRUE,TRUE,65000,0,2000,67000
13073,0,0,1,400,200,200,147,130,404,TRUE,47.2,130,377,TRUE,TRUE,115000,86500,33000,234500
13074,0,0,1,400,137,137,40,0,323,TRUE,0,0,137,TRUE,TRUE,115000,0,13700,128700
13078,0,0,2,800,394,394,24,0,605,TRUE,0,0,394,TRUE,TRUE,230000,0,39400,269400
13080,0,0,1,400,134,134,24,0,147,TRUE,0,0,134,TRUE,TRUE,115000,0,13400,128400
13081,1,0,0,100,34,34,0,0,52,TRUE,0,0,34,TRUE,TRUE,65000,0,3400,68400
13082,0,0,1,400,136,136,0,0,241,TRUE,0,0,136,TRUE,TRUE,115000,0,13600,128600
13083,0,1,0,200,60,60,0,0,125,TRUE,0,0,60,TRUE,TRUE,95000,0,6000,101000
13087,1,0,0,100,0,0,0,0,3,TRUE,0,0,0,TRUE,TRUE,65000,0,0,65000
13092,0,1,0,200,100,100,8,7,197,TRUE,0,7,107,TRUE,TRUE,95000,18900,10700,124600
13101,0,1,0,200,77,77,64,0,261,TRUE,0,0,77,TRUE,TRUE,95000,0,7700,102700
13102,0,0,0,0,0,0,0,0,0,TRUE,0,0,0,TRUE,TRUE,0,0,0,0
13103,1,0,0,100,4,4,0,0,11,TRUE,0,0,4,TRUE,TRUE,65000,0,400,65400
13108,0,0,0,0,0,0,149,75,224,TRUE,43,64,107,TRUE,TRUE,0,43573.58491,6400,49973.58491
13110,0,1,0,200,77,77,0,0,92,TRUE,0,0,77,TRUE,TRUE,95000,0,7700,102700
13111,0,1,0,200,65,65,0,0,200,TRUE,0,0,65,TRUE,TRUE,95000,0,6500,101500
13112,0,1,0,200,60,60,8,0,114,TRUE,0,0,60,TRUE,TRUE,95000,0,6000,101000
13113,0,0,0,0,0,0,0,0,0,TRUE,0,0,0,TRUE,TRUE,0,0,0,0
13114,0,0,1,400,200,200,97,5,358,TRUE,0,5,205,TRUE,TRUE,115000,2694.915254,20500,138194.9153
13115,1,0,0,100,0,0,0,0,16,TRUE,0,0,0,TRUE,TRUE,65000,0,0,65000
13117,1,0,0,100,2,2,0,0,16,TRUE,0,0,2,TRUE,TRUE,65000,0,200,65200
13118,0,1,0,200,100,100,84,0,225,TRUE,22.2,0,122,TRUE,TRUE,95000,0,10000,105000
13119,0,0,0,0,0,0,0,0,0,TRUE,0,0,0,TRUE,TRUE,0,0,0,0
13120,1,0,0,100,50,50,44,30,139,TRUE,4.8,30,84,TRUE,TRUE,65000,27428.57143,8000,100428.5714
13121,0,0,0,0,0,0,0,0,0,TRUE,0,0,0,TRUE,TRUE,0,0,0,0
13122,1,0,0,100,20,20,0,0,28,TRUE,0,0,20,TRUE,TRUE,65000,0,2000,67000
13123,0,0,0,0,0,0,0,0,0,TRUE,0,0,0,TRUE,TRUE,0,0,0,0
13124,1,0,0,100,2,2,0,0,4,TRUE,0,0,2,TRUE,TRUE,65000,0,200,65200
13131,0,0,1,400,112,112,8,0,140,TRUE,0,0,112,TRUE,TRUE,115000,0,11200,126200
13132,0,1,0,200,84,84,8,0,131,TRUE,0,0,84,TRUE,TRUE,95000,0,8400,103400
13134,1,0,0,100,0,0,0,0,1,TRUE,0,0,0,TRUE,TRUE,65000,0,0,65000
13135,0,0,0,0,0,0,244,258,367,TRUE,91.6,258,349,TRUE,TRUE,0,123153.4884,25800,148953.4884
13136,1,0,0,100,16,16,0,0,41,TRUE,0,0,16,TRUE,TRUE,65000,0,1600,66600
13138,1,0,0,100,0,0,0,0,5,TRUE,0,0,0,TRUE,TRUE,65000,0,0,65000
13140,0,0,1,400,90,90,0,0,280,TRUE,0,0,90,TRUE,TRUE,115000,0,9000,124000
13141,1,0,0,100,46,46,0,0,39,TRUE,0,0,46,TRUE,TRUE,65000,0,4600,69600
13142,0,0,1,400,158,158,56,0,231,TRUE,0,0,158,TRUE,TRUE,115000,0,15800,130800
13143,0,0,0,0,0,0,166,105,271,TRUE,84.4,56,140,TRUE,TRUE,0,33650.60241,5600,39250.60241
13144,0,1,0,200,66,66,0,0,128,TRUE,0,0,66,TRUE,TRUE,95000,0,6600,101600
13145,1,0,0,100,50,50,66,30,147,TRUE,0,30,80,TRUE,TRUE,65000,18000,8000,91000
13146,0,1,0,200,90,90,24,0,185,TRUE,0,0,90,TRUE,TRUE,95000,0,9000,104000
13147,1,0,0,100,39,39,0,0,39,TRUE,0,0,39,TRUE,TRUE,65000,0,3900,68900
13148,0,0,1,400,200,200,235,73,708,TRUE,80.2,61,341,TRUE,TRUE,115000,33810.52632,26100,174910.5263
13152,0,0,0,0,0,0,210,202,350,TRUE,60.8,202,262,TRUE,TRUE,0,81579.48718,20200,101779.4872
13153,1,0,0,100,30,30,8,0,43,TRUE,0,0,30,TRUE,TRUE,65000,0,3000,68000
13154,0,0,0,0,0,0,0,0,0,TRUE,0,0,0,TRUE,TRUE,0,0,0,0
13155,1,0,0,100,15,15,10,0,37,TRUE,0,0,15,TRUE,TRUE,65000,0,1500,66500
13156,0,1,0,200,61,61,0,0,74,TRUE,0,0,61,TRUE,TRUE,95000,0,6100,101100
13157,1,0,0,100,16,16,0,0,21,TRUE,0,0,16,TRUE,TRUE,65000,0,1600,66600
13158,1,0,0,100,34,34,0,0,58,TRUE,0,0,34,TRUE,TRUE,65000,0,3400,68400
13160,1,0,0,100,50,50,26,20,127,TRUE,0,20,70,TRUE,TRUE,65000,29750,7000,101750
13162,1,0,0,100,26,26,0,0,28,TRUE,0,0,26,TRUE,TRUE,65000,0,2600,67600
13163,1,0,0,100,5,5,0,0,8,TRUE,0,0,5,TRUE,TRUE,65000,0,500,65500
13164,0,0,1,400,138,138,16,0,204,TRUE,0,0,138,TRUE,TRUE,115000,0,13800,128800
13166,0,0,1,400,160,160,48,0,241,TRUE,0,0,160,TRUE,TRUE,115000,0,16000,131000
13167,1,0,0,100,50,50,20,23,132,TRUE,12,23,85,TRUE,TRUE,65000,27600,7300,99900
13202,0,0,1,400,200,200,252,11,615,TRUE,172.8,11,383,TRUE,TRUE,115000,3841.791045,21100,139941.791
13204,0,0,2,800,331,331,889,299,1988,TRUE,329.6,192,852,TRUE,TRUE,230000,100186.9048,52300,382486.9048
13208,0,0,4,1600,755,755,625,246,2471,TRUE,213,246,1214,TRUE,TRUE,460000,91661.53846,100100,651761.5385
13209,0,0,2,800,400,400,233,153,942,TRUE,59.4,153,612,TRUE,TRUE,230000,61350,55300,346650
13211,0,0,1,400,183,183,76,0,460,TRUE,21.6,0,204,TRUE,TRUE,115000,0,18300,133300
13215,0,0,0,0,0,0,396,290,672,TRUE,218,290,508,TRUE,TRUE,0,112402.8262,29000,141402.8262
13290,0,0,0,0,0,0,0,0,0,TRUE,0,0,0,TRUE,TRUE,0,0,0,0
13301,1,0,0,100,6,6,0,0,10,TRUE,0,0,6,TRUE,TRUE,65000,0,600,65600
13302,0,1,0,200,79,79,0,0,119,TRUE,0,0,79,TRUE,TRUE,95000,0,7900,102900
13303,1,0,0,100,22,22,8,0,42,TRUE,0,0,22,TRUE,TRUE,65000,0,2200,67200
13305,0,0,0,0,0,0,0,0,0,TRUE,0,0,0,TRUE,TRUE,0,0,0,0
13308,0,0,1,400,94,94,0,0,323,TRUE,0,0,94,TRUE,TRUE,115000,0,9400,124400
13310,1,0,0,100,27,27,0,0,20,TRUE,0,0,27,TRUE,TRUE,65000,0,2700,67700
13312,1,0,0,100,8,8,0,0,8,TRUE,0,0,8,TRUE,TRUE,65000,0,800,65800
13313,1,0,0,100,16,16,0,0,27,TRUE,0,0,16,TRUE,TRUE,65000,0,1600,66600
13314,1,0,0,100,0,0,0,0,22,TRUE,0,0,0,TRUE,TRUE,65000,0,0,65000
13315,0,0,0,0,0,0,38,38,76,TRUE,18,34,52,TRUE,TRUE,0,36600,3400,40000
13316,0,0,1,400,173,173,66,0,422,TRUE,25.2,0,198,TRUE,TRUE,115000,0,17300,132300
13317,0,0,1,400,184,184,24,28,452,TRUE,0,28,212,TRUE,TRUE,115000,51850,21200,188050
13320,0,1,0,200,88,88,0,0,90,TRUE,0,0,88,TRUE,TRUE,95000,0,8800,103800
13321,1,0,0,100,0,0,16,0,41,TRUE,0,0,0,TRUE,TRUE,65000,0,0,65000
13322,1,0,0,100,39,39,0,0,54,TRUE,0,0,39,TRUE,TRUE,65000,0,3900,68900
13324,1,0,0,100,38,38,0,0,75,TRUE,0,0,38,TRUE,TRUE,65000,0,3800,68800
13325,0,1,0,200,51,51,0,0,80,TRUE,0,0,51,TRUE,TRUE,95000,0,5100,100100
13328,1,0,0,100,42,42,0,0,73,TRUE,0,0,42,TRUE,TRUE,65000,0,4200,69200
13329,0,0,1,400,104,104,26,0,261,TRUE,0,0,104,TRUE,TRUE,115000,0,10400,125400
13331,0,0,0,0,0,0,0,0,0,TRUE,0,0,0,TRUE,TRUE,0,0,0,0
13332,1,0,1,500,250,250,8,2,395,TRUE,0,2,252,TRUE,TRUE,180000,5400,25200,210600
13333,1,0,0,100,0,0,0,0,1,TRUE,0,0,0,TRUE,TRUE,65000,0,0,65000
13334,1,0,0,100,40,40,0,0,62,TRUE,0,0,40,TRUE,TRUE,65000,0,4000,69000
13335,0,1,0,200,85,85,0,0,118,TRUE,0,0,85,TRUE,TRUE,95000,0,8500,103500
13337,1,0,0,100,2,2,0,0,21,TRUE,0,0,2,TRUE,TRUE,65000,0,200,65200
13338,1,0,0,100,14,14,8,0,90,TRUE,0,0,14,TRUE,TRUE,65000,0,1400,66400
13339,1,0,1,500,250,250,80,82,579,TRUE,0,82,332,TRUE,TRUE,180000,36900,33200,250100
13340,0,0,1,400,200,200,72,55,396,TRUE,4.8,55,259,TRUE,TRUE,115000,43750,25500,184250
13342,1,0,0,100,33,33,0,0,30,TRUE,0,0,33,TRUE,TRUE,65000,0,3300,68300
13343,1,0,0,100,36,36,16,0,73,TRUE,9.6,0,45,TRUE,TRUE,65000,0,3600,68600
13345,1,0,0,100,16,16,0,0,11,TRUE,0,0,16,TRUE,TRUE,65000,0,1600,66600
13346,0,0,0,0,0,0,146,57,189,TRUE,67.6,57,124,TRUE,TRUE,0,24066.66667,5700,29766.66667
13348,1,0,0,100,49,49,8,0,70,TRUE,0,0,49,TRUE,TRUE,65000,0,4900,69900
13350,0,0,1,400,127,127,135,0,425,TRUE,63.8,0,190,TRUE,TRUE,115000,0,12700,127700
13352,1,0,0,100,0,0,0,0,6,TRUE,0,0,0,TRUE,TRUE,65000,0,0,65000
13353,1,0,0,100,2,2,0,0,3,TRUE,0,0,2,TRUE,TRUE,65000,0,200,65200
13354,0,0,1,400,184,184,0,0,216,TRUE,0,0,184,TRUE,TRUE,115000,0,18400,133400
13355,0,1,0,200,78,78,16,0,78,TRUE,0,0,78,TRUE,TRUE,95000,0,7800,102800
13357,0,0,2,800,283,283,124,0,852,TRUE,0,0,283,TRUE,TRUE,230000,0,28300,258300
13360,1,0,0,100,0,0,0,0,5,TRUE,0,0,0,TRUE,TRUE,65000,0,0,65000
13361,1,0,0,100,30,30,0,0,33,TRUE,0,0,30,TRUE,TRUE,65000,0,3000,68000
13363,0,0,1,400,120,120,0,0,144,TRUE,0,0,120,TRUE,TRUE,115000,0,12000,127000
13364,1,0,0,100,0,0,0,0,1,TRUE,0,0,0,TRUE,TRUE,65000,0,0,65000
13365,0,0,2,800,354,354,184,0,813,TRUE,31,0,385,TRUE,TRUE,230000,0,35400,265400
13367,0,0,0,0,0,0,261,216,385,TRUE,86.2,216,302,TRUE,TRUE,0,114537.1648,21600,136137.1648
13368,1,0,0,100,40,40,38,0,96,TRUE,22.8,0,62,TRUE,TRUE,65000,0,4000,69000
13402,1,0,0,100,27,27,10,0,59,TRUE,0,0,27,TRUE,TRUE,65000,0,2700,67700
13404,1,0,0,100,5,5,0,0,10,TRUE,0,0,5,TRUE,TRUE,65000,0,500,65500
13406,1,0,0,100,18,18,0,0,47,TRUE,0,0,18,TRUE,TRUE,65000,0,1800,66800
13408,0,0,0,0,0,0,89,55,144,TRUE,52.4,12,64,TRUE,TRUE,0,27666.66667,1200,28866.66667
13410,1,0,0,100,11,11,0,0,11,TRUE,0,0,11,TRUE,TRUE,65000,0,1100,66100
13411,0,1,0,200,95,95,81,0,173,TRUE,10.2,0,105,TRUE,TRUE,95000,0,9500,104500
13413,0,0,1,400,188,188,374,0,669,TRUE,151.6,0,339,TRUE,TRUE,115000,0,18800,133800
13415,0,0,0,0,0,0,0,0,0,TRUE,0,0,0,TRUE,TRUE,0,0,0,0
13416,0,1,0,200,92,92,16,0,120,TRUE,0,0,92,TRUE,TRUE,95000,0,9200,104200
13417,1,0,0,100,50,50,20,4,106,TRUE,0,4,54,TRUE,TRUE,65000,4800,5400,75200
13418,1,0,0,100,2,2,0,0,2,TRUE,0,0,2,TRUE,TRUE,65000,0,200,65200
13421,0,0,1,400,200,200,354,199,953,TRUE,113.4,151,464,TRUE,TRUE,115000,78675.96899,35100,228775.969
13425,0,1,0,200,64,64,0,0,114,TRUE,0,0,64,TRUE,TRUE,95000,0,6400,101400
13428,1,0,0,100,40,40,0,0,82,TRUE,0,0,40,TRUE,TRUE,65000,0,4000,69000
13433,0,1,0,200,96,96,0,0,197,TRUE,0,0,96,TRUE,TRUE,95000,0,9600,104600
13436,1,0,0,100,2,2,0,0,4,TRUE,0,0,2,TRUE,TRUE,65000,0,200,65200
13437,1,0,0,100,14,14,0,0,15,TRUE,0,0,14,TRUE,TRUE,65000,0,1400,66400
13438,0,1,0,200,93,93,0,0,129,TRUE,0,0,93,TRUE,TRUE,95000,0,9300,104300
13439,0,0,1,400,154,154,15,0,281,TRUE,9,0,163,TRUE,TRUE,115000,0,15400,130400
13450,1,0,0,100,24,24,0,0,20,TRUE,0,0,24,TRUE,TRUE,65000,0,2400,67400
13452,0,0,1,400,177,177,36,0,374,TRUE,12,0,189,TRUE,TRUE,115000,0,17700,132700
13454,1,0,0,100,24,24,0,0,37,TRUE,0,0,24,TRUE,TRUE,65000,0,2400,67400
13455,1,0,0,100,2,2,0,0,7,TRUE,0,0,2,TRUE,TRUE,65000,0,200,65200
13456,0,0,1,400,170,170,16,0,261,TRUE,0,0,170,TRUE,TRUE,115000,0,17000,132000
13457,1,0,0,100,0,0,0,0,1,TRUE,0,0,0,TRUE,TRUE,65000,0,0,65000
13459,0,1,0,200,60,60,36,0,170,TRUE,12,0,72,TRUE,TRUE,95000,0,6000,101000
13461,0,0,1,400,144,144,68,0,151,TRUE,0,0,144,TRUE,TRUE,115000,0,14400,129400
13464,1,0,0,100,28,28,0,0,97,TRUE,0,0,28,TRUE,TRUE,65000,0,2800,67800
13468,1,0,0,100,9,9,0,0,18,TRUE,0,0,9,TRUE,TRUE,65000,0,900,65900
13469,1,0,0,100,12,12,16,0,42,TRUE,0,0,12,TRUE,TRUE,65000,0,1200,66200
13470,1,0,0,100,26,26,0,0,47,TRUE,0,0,26,TRUE,TRUE,65000,0,2600,67600
13471,0,0,1,400,140,140,0,0,266,TRUE,0,0,140,TRUE,TRUE,115000,0,14000,129000
13472,0,1,0,200,64,64,0,0,53,TRUE,0,0,64,TRUE,TRUE,95000,0,6400,101400
13473,0,0,0,0,0,0,60,52,80,TRUE,0,52,52,TRUE,TRUE,0,27733.33333,5200,32933.33333
13475,1,0,0,100,2,2,0,0,2,TRUE,0,0,2,TRUE,TRUE,65000,0,200,65200
13476,0,0,1,400,126,126,0,0,144,TRUE,0,0,126,TRUE,TRUE,115000,0,12600,127600
13477,1,0,0,100,46,46,0,0,81,TRUE,0,0,46,TRUE,TRUE,65000,0,4600,69600
13478,0,1,0,200,100,100,88,8,91,TRUE,0,8,108,TRUE,TRUE,95000,5600,10800,111400
13480,0,1,0,200,93,93,52,0,167,TRUE,0,0,93,TRUE,TRUE,95000,0,9300,104300
13482,1,0,0,100,0,0,0,0,4,TRUE,0,0,0,TRUE,TRUE,65000,0,0,65000
13483,1,0,0,100,28,28,0,0,40,TRUE,0,0,28,TRUE,TRUE,65000,0,2800,67800
13484,0,0,0,0,0,0,0,0,0,TRUE,0,0,0,TRUE,TRUE,0,0,0,0
13485,0,1,0,200,69,69,0,0,162,TRUE,0,0,69,TRUE,TRUE,95000,0,6900,101900
13486,1,0,0,100,48,48,0,0,42,TRUE,0,0,48,TRUE,TRUE,65000,0,4800,69800
13488,0,0,0,0,0,0,0,0,0,TRUE,0,0,0,TRUE,TRUE,0,0,0,0
13489,1,0,0,100,7,7,0,0,18,TRUE,0,0,7,TRUE,TRUE,65000,0,700,65700
13491,0,0,1,400,142,142,48,0,185,TRUE,10.8,0,152,TRUE,TRUE,115000,0,14200,129200
13493,0,0,1,400,150,150,0,0,231,TRUE,0,0,150,TRUE,TRUE,115000,0,15000,130000
13494,1,0,0,100,11,11,0,0,10,TRUE,0,0,11,TRUE,TRUE,65000,0,1100,66100
13602,0,0,0,0,0,0,0,0,0,TRUE,0,0,0,TRUE,TRUE,0,0,0,0
13603,1,0,9,3700,1823,1823,0,0,2523,TRUE,0,0,1823,TRUE,TRUE,1100000,0,182300,1282300
13606,0,0,0,0,0,0,77,70,130,TRUE,10.2,70,80,TRUE,TRUE,0,37333.33333,7000,44333.33333
13607,1,0,0,100,28,28,0,0,44,TRUE,0,0,28,TRUE,TRUE,65000,0,2800,67800
13608,1,0,0,100,50,50,50,28,139,TRUE,0,28,78,TRUE,TRUE,65000,18933.33333,7800,91733.33333
13611,1,0,0,100,20,20,8,0,48,TRUE,0,0,20,TRUE,TRUE,65000,0,2000,67000
13612,1,0,0,100,50,50,36,13,113,TRUE,0,13,63,TRUE,TRUE,65000,15600,6300,86900
13613,1,0,0,100,50,50,74,4,172,TRUE,44.6,4,98,TRUE,TRUE,65000,2203.508772,5400,72603.50877
13614,1,0,0,100,16,16,0,0,28,TRUE,0,0,16,TRUE,TRUE,65000,0,1600,66600
13618,0,1,0,200,66,66,0,0,93,TRUE,0,0,66,TRUE,TRUE,95000,0,6600,101600
13620,0,0,0,0,0,0,126,122,240,TRUE,18.6,122,140,TRUE,TRUE,0,53561.29032,12200,65761.29032
13621,0,1,0,200,62,62,0,0,81,TRUE,0,0,62,TRUE,TRUE,95000,0,6200,101200
13622,0,1,0,200,64,64,8,0,123,TRUE,0,0,64,TRUE,TRUE,95000,0,6400,101400
13623,1,0,0,100,3,3,0,0,2,TRUE,0,0,3,TRUE,TRUE,65000,0,300,65300
13628,1,0,0,100,32,32,0,0,47,TRUE,0,0,32,TRUE,TRUE,65000,0,3200,68200
13632,0,0,0,0,0,0,0,0,0,TRUE,0,0,0,TRUE,TRUE,0,0,0,0
13633,1,0,0,100,15,15,0,0,41,TRUE,0,0,15,TRUE,TRUE,65000,0,1500,66500
13634,0,1,0,200,95,95,41,0,207,TRUE,10.2,0,105,TRUE,TRUE,95000,0,9500,104500
13635,0,1,0,200,54,54,0,0,118,TRUE,0,0,54,TRUE,TRUE,95000,0,5400,100400
13636,1,0,0,100,12,12,0,0,25,TRUE,0,0,12,TRUE,TRUE,65000,0,1200,66200
13638,1,0,0,100,0,0,0,0,38,TRUE,0,0,0,TRUE,TRUE,65000,0,0,65000
13639,0,0,0,0,0,0,0,0,0,TRUE,0,0,0,TRUE,TRUE,0,0,0,0
13640,1,0,0,100,7,7,0,0,13,TRUE,0,0,7,TRUE,TRUE,65000,0,700,65700
13641,0,0,0,0,0,0,0,0,0,TRUE,0,0,0,TRUE,TRUE,0,0,0,0
13643,1,0,0,100,18,18,0,0,18,TRUE,0,0,18,TRUE,TRUE,65000,0,1800,66800
13645,0,0,0,0,0,0,0,0,0,TRUE,0,0,0,TRUE,TRUE,0,0,0,0
13646,0,1,0,200,67,67,16,0,164,TRUE,0,0,67,TRUE,TRUE,95000,0,6700,101700
13647,1,0,0,100,0,0,0,0,6,TRUE,0,0,0,TRUE,TRUE,65000,0,0,65000
13648,0,0,0,0,0,0,44,38,82,TRUE,29.6,5,34,TRUE,TRUE,0,28711.11111,500,29211.11111
13649,0,0,0,0,0,0,0,0,0,TRUE,0,0,0,TRUE,TRUE,0,0,0,0
13650,1,0,0,100,44,44,0,0,68,TRUE,0,0,44,TRUE,TRUE,65000,0,4400,69400
13651,1,0,0,100,0,0,0,0,2,TRUE,0,0,0,TRUE,TRUE,65000,0,0,65000
13655,0,1,0,200,54,54,113,0,304,TRUE,83,0,137,TRUE,TRUE,95000,0,5400,100400
13658,1,0,0,100,50,50,24,4,109,TRUE,0,4,54,TRUE,TRUE,65000,5800,5400,76200
13659,1,0,0,100,13,13,0,0,22,TRUE,0,0,13,TRUE,TRUE,65000,0,1300,66300
13660,0,1,0,200,98,98,16,0,185,TRUE,0,0,98,TRUE,TRUE,95000,0,9800,104800
13661,0,1,0,200,63,63,0,0,90,TRUE,0,0,63,TRUE,TRUE,95000,0,6300,101300
13664,1,0,0,100,8,8,0,0,14,TRUE,0,0,8,TRUE,TRUE,65000,0,800,65800
13665,1,0,0,100,18,18,0,0,63,TRUE,0,0,18,TRUE,TRUE,65000,0,1800,66800
13666,1,0,0,100,0,0,0,0,17,TRUE,0,0,0,TRUE,TRUE,65000,0,0,65000
13667,0,0,1,400,86,86,0,0,254,TRUE,0,0,86,TRUE,TRUE,115000,0,8600,123600
13668,0,1,0,200,100,100,70,6,170,TRUE,27.6,6,133,TRUE,TRUE,95000,3808.695652,10600,109408.6957
13670,1,0,0,100,15,15,0,0,19,TRUE,0,0,15,TRUE,TRUE,65000,0,1500,66500
13673,0,0,0,0,0,0,144,134,205,TRUE,0,134,134,TRUE,TRUE,0,71466.66667,13400,84866.66667
13674,1,0,0,100,3,3,0,0,21,TRUE,0,0,3,TRUE,TRUE,65000,0,300,65300
13675,1,0,0,100,0,0,0,0,5,TRUE,0,0,0,TRUE,TRUE,65000,0,0,65000
13676,0,0,1,400,200,200,242,118,599,TRUE,131.2,118,449,TRUE,TRUE,115000,46512.62136,31800,193312.6214
13678,0,0,0,0,0,0,0,0,0,TRUE,0,0,0,TRUE,TRUE,0,0,0,0
13679,0,1,0,200,62,62,0,0,93,TRUE,0,0,62,TRUE,TRUE,95000,0,6200,101200
13680,0,1,0,200,80,80,0,0,164,TRUE,0,0,80,TRUE,TRUE,95000,0,8000,103000
13681,0,1,0,200,44,44,0,0,112,TRUE,0,0,44,TRUE,TRUE,95000,0,4400,99400
13682,1,0,0,100,16,16,0,0,29,TRUE,0,0,16,TRUE,TRUE,65000,0,1600,66600
13683,0,0,0,0,0,0,0,0,0,TRUE,0,0,0,TRUE,TRUE,0,0,0,0
13684,0,1,0,200,81,81,0,0,119,TRUE,0,0,81,TRUE,TRUE,95000,0,8100,103100
13685,1,0,0,100,46,46,20,0,74,TRUE,0,0,46,TRUE,TRUE,65000,0,4600,69600
13687,1,0,0,100,30,30,0,0,22,TRUE,0,0,30,TRUE,TRUE,65000,0,3000,68000
13690,1,0,0,100,43,43,0,0,72,TRUE,0,0,43,TRUE,TRUE,65000,0,4300,69300
13692,1,0,0,100,0,0,0,0,8,TRUE,0,0,0,TRUE,TRUE,65000,0,0,65000
13693,1,0,0,100,4,4,0,0,3,TRUE,0,0,4,TRUE,TRUE,65000,0,400,65400
13694,1,0,0,100,50,50,8,8,93,TRUE,0,8,58,TRUE,TRUE,65000,21600,5800,92400
13695,0,0,0,0,0,0,0,0,0,TRUE,0,0,0,TRUE,TRUE,0,0,0,0
13696,0,0,0,0,0,0,0,0,0,TRUE,0,0,0,TRUE,TRUE,0,0,0,0
13697,0,1,0,200,40,40,0,0,118,TRUE,0,0,40,TRUE,TRUE,95000,0,4000,99000
13699,0,0,0,0,0,0,0,0,0,TRUE,0,0,0,TRUE,TRUE,0,0,0,0
13730,0,1,0,200,82,82,8,0,184,TRUE,0,0,82,TRUE,TRUE,95000,0,8200,103200
13731,1,0,0,100,34,34,0,0,27,TRUE,0,0,34,TRUE,TRUE,65000,0,3400,68400
13732,0,0,1,400,200,200,126,39,361,TRUE,19.2,39,258,TRUE,TRUE,115000,20800,23900,159700
13733,0,0,1,400,113,113,33,0,283,TRUE,10.2,0,123,TRUE,TRUE,115000,0,11300,126300
13734,0,1,0,200,85,85,0,0,155,TRUE,0,0,85,TRUE,TRUE,95000,0,8500,103500
13736,0,1,0,200,51,51,0,0,129,TRUE,0,0,51,TRUE,TRUE,95000,0,5100,100100
13738,1,0,0,100,0,0,0,0,3,TRUE,0,0,0,TRUE,TRUE,65000,0,0,65000
13739,1,0,0,100,16,16,8,0,26,TRUE,0,0,16,TRUE,TRUE,65000,0,1600,66600
13743,1,0,0,100,50,50,38,8,116,TRUE,4.8,8,62,TRUE,TRUE,65000,6933.333333,5800,77733.33333
13744,0,1,0,200,94,94,0,0,98,TRUE,0,0,94,TRUE,TRUE,95000,0,9400,104400
13746,1,0,0,100,49,49,8,0,78,TRUE,0,0,49,TRUE,TRUE,65000,0,4900,69900
13747,0,0,0,0,0,0,0,0,0,TRUE,0,0,0,TRUE,TRUE,0,0,0,0
13748,0,0,1,400,145,145,0,0,146,TRUE,0,0,145,TRUE,TRUE,115000,0,14500,129500
13750,0,0,0,0,0,0,24,23,31,TRUE,0,23,23,TRUE,TRUE,0,38350,2300,40650
13752,1,0,0,100,25,25,0,0,39,TRUE,0,0,25,TRUE,TRUE,65000,0,2500,67500
13754,1,0,0,100,31,31,52,3,155,TRUE,39.2,0,70,TRUE,TRUE,65000,2364.705882,3100,70464.70588
13755,1,0,0,100,14,14,0,0,45,TRUE,0,0,14,TRUE,TRUE,65000,0,1400,66400
13756,1,0,0,100,26,26,0,0,33,TRUE,0,0,26,TRUE,TRUE,65000,0,2600,67600
13757,1,0,0,100,13,13,8,0,54,TRUE,0,0,13,TRUE,TRUE,65000,0,1300,66300
13777,1,0,0,100,0,0,0,0,14,TRUE,0,0,0,TRUE,TRUE,65000,0,0,65000
13780,1,0,0,100,14,14,0,0,71,TRUE,0,0,14,TRUE,TRUE,65000,0,1400,66400
13782,0,0,0,0,0,0,16,11,27,TRUE,0,9,9,TRUE,TRUE,0,15950,900,16850
13784,0,0,0,0,0,0,16,14,27,TRUE,0,14,14,TRUE,TRUE,0,20300,1400,21700
13786,1,0,0,100,12,12,0,0,10,TRUE,0,0,12,TRUE,TRUE,65000,0,1200,66200
13787,0,1,0,200,70,70,63,0,241,TRUE,18.6,0,88,TRUE,TRUE,95000,0,7000,102000
13788,1,0,0,100,10,10,0,0,44,TRUE,0,0,10,TRUE,TRUE,65000,0,1000,66000
13795,1,0,0,100,45,45,16,15,131,TRUE,0,15,60,TRUE,TRUE,65000,21750,6000,92750
13796,1,0,0,100,43,43,8,0,64,TRUE,0,0,43,TRUE,TRUE,65000,0,4300,69300
13797,0,1,0,200,53,53,0,0,190,TRUE,0,0,53,TRUE,TRUE,95000,0,5300,100300
13801,1,0,0,100,32,32,0,0,65,TRUE,0,0,32,TRUE,TRUE,65000,0,3200,68200
13802,1,0,0,100,26,26,20,0,50,TRUE,0,0,26,TRUE,TRUE,65000,0,2600,67600
13803,0,0,1,400,186,186,58,35,493,TRUE,30.8,35,251,TRUE,TRUE,115000,25421.05263,22100,162521.0526
13804,1,0,0,100,8,8,0,0,12,TRUE,0,0,8,TRUE,TRUE,65000,0,800,65800
13806,1,0,0,100,14,14,0,0,20,TRUE,0,0,14,TRUE,TRUE,65000,0,1400,66400
13807,1,0,0,100,22,22,8,0,53,TRUE,0,0,22,TRUE,TRUE,65000,0,2200,67200
13808,1,0,0,100,25,25,17,0,65,TRUE,10.2,0,35,TRUE,TRUE,65000,0,2500,67500
13809,0,0,1,400,124,124,0,0,146,TRUE,0,0,124,TRUE,TRUE,115000,0,12400,127400
13810,1,0,0,100,38,38,16,0,36,TRUE,0,0,38,TRUE,TRUE,65000,0,3800,68800
13811,0,0,1,400,193,193,32,0,216,TRUE,9.6,0,202,TRUE,TRUE,115000,0,19300,134300
13812,1,0,0,100,10,10,48,0,145,TRUE,25.6,0,35,TRUE,TRUE,65000,0,1000,66000
13813,0,1,0,200,0,0,0,0,130,TRUE,0,0,0,TRUE,TRUE,95000,0,0,95000
13814,1,0,0,100,0,0,0,0,4,TRUE,0,0,0,TRUE,TRUE,65000,0,0,65000
13815,0,0,1,400,200,200,372,194,852,TRUE,51.4,194,445,TRUE,TRUE,115000,85733.33333,39400,240133.3333
13825,0,1,0,200,97,97,16,0,170,TRUE,0,0,97,TRUE,TRUE,95000,0,9700,104700
13826,0,0,0,0,0,0,0,0,0,TRUE,0,0,0,TRUE,TRUE,0,0,0,0
13827,0,0,1,400,200,200,242,60,545,TRUE,133.2,60,393,TRUE,TRUE,115000,20000,26000,161000
13830,0,0,1,400,87,87,85,0,363,TRUE,10.2,0,97,TRUE,TRUE,115000,0,8700,123700
13832,1,0,0,100,20,20,0,0,33,TRUE,0,0,20,TRUE,TRUE,65000,0,2000,67000
13833,0,1,1,600,272,272,0,0,511,TRUE,0,0,272,TRUE,TRUE,210000,0,27200,237200
13834,0,0,0,0,0,0,0,0,0,TRUE,0,0,0,TRUE,TRUE,0,0,0,0
13835,1,0,0,100,32,32,0,0,84,TRUE,0,0,32,TRUE,TRUE,65000,0,3200,68200
13838,0,0,0,0,0,0,287,53,340,TRUE,165.6,5,170,TRUE,TRUE,0,15671.77033,500,16171.77033
13839,0,1,0,200,45,45,8,0,126,TRUE,0,0,45,TRUE,TRUE,95000,0,4500,99500
13841,1,0,0,100,29,29,0,0,61,TRUE,0,0,29,TRUE,TRUE,65000,0,2900,67900
13843,0,0,1,400,102,102,0,0,182,TRUE,0,0,102,TRUE,TRUE,115000,0,10200,125200
13844,1,0,0,100,43,43,0,0,62,TRUE,0,0,43,TRUE,TRUE,65000,0,4300,69300
13846,1,0,0,100,18,18,0,0,16,TRUE,0,0,18,TRUE,TRUE,65000,0,1800,66800
13847,0,0,0,0,0,0,0,0,0,TRUE,0,0,0,TRUE,TRUE,0,0,0,0
13849,0,0,1,400,135,135,52,0,223,TRUE,12,0,147,TRUE,TRUE,115000,0,13500,128500
13850,0,0,0,0,0,0,963,331,1075,TRUE,387.8,331,718,TRUE,TRUE,0,89186.11111,33100,122286.1111
13856,0,0,1,400,166,166,127,0,404,TRUE,33,0,199,TRUE,TRUE,115000,0,16600,131600
13859,1,0,0,100,0,0,0,0,10,TRUE,0,0,0,TRUE,TRUE,65000,0,0,65000
13860,1,0,0,100,5,5,0,0,19,TRUE,0,0,5,TRUE,TRUE,65000,0,500,65500
13861,1,0,0,100,0,0,0,0,18,TRUE,0,0,0,TRUE,TRUE,65000,0,0,65000
13862,0,0,0,0,0,0,191,71,262,TRUE,82,0,58,TRUE,TRUE,0,33652.05479,0,33652.05479
13863,1,0,0,100,12,12,8,0,27,TRUE,0,0,12,TRUE,TRUE,65000,0,1200,66200
13864,0,1,0,200,79,79,8,0,73,TRUE,0,0,79,TRUE,TRUE,95000,0,7900,102900
13865,0,0,1,400,200,200,76,58,264,TRUE,0,58,258,TRUE,TRUE,115000,30933.33333,25800,171733.3333
13901,0,0,2,800,379,379,473,269,1542,TRUE,174.4,269,822,TRUE,TRUE,230000,121887.3016,64800,416687.3016
13903,0,0,1,400,200,200,378,271,834,TRUE,145.2,271,616,TRUE,TRUE,115000,107817.5102,47100,269917.5102
14001,0,0,1,400,56,56,162,0,426,TRUE,109.2,0,165,TRUE,TRUE,115000,0,5600,120600
14004,0,0,2,800,387,387,155,0,578,TRUE,90,0,477,TRUE,TRUE,230000,0,38700,268700
14005,1,0,0,100,50,50,55,18,104,TRUE,0,18,68,TRUE,TRUE,65000,10145.45455,6800,81945.45455
14006,0,0,1,400,200,200,152,72,423,TRUE,33.6,72,305,TRUE,TRUE,115000,47127.27273,27200,189327.2727
14008,0,1,0,200,40,40,0,0,102,TRUE,0,0,40,TRUE,TRUE,95000,0,4000,99000
14009,0,0,1,400,95,95,122,0,364,TRUE,91.6,0,186,TRUE,TRUE,115000,0,9500,124500
14011,0,0,1,400,200,200,140,62,299,TRUE,0,62,262,TRUE,TRUE,115000,27900,26200,169100
14012,0,0,1,400,108,108,8,0,264,TRUE,0,0,108,TRUE,TRUE,115000,0,10800,125800
14013,0,1,0,200,44,44,0,0,162,TRUE,0,0,44,TRUE,TRUE,95000,0,4400,99400
14020,0,0,1,400,156,156,735,313,1448,TRUE,331.6,129,616,TRUE,TRUE,115000,107996.1039,28500,251496.1039
14024,0,1,0,200,64,64,8,0,118,TRUE,0,0,64,TRUE,TRUE,95000,0,6400,101400
14025,0,0,0,0,0,0,114,56,127,TRUE,42,56,98,TRUE,TRUE,0,21766.03774,5600,27366.03774
14026,1,0,0,100,44,44,0,0,33,TRUE,0,0,44,TRUE,TRUE,65000,0,4400,69400
14027,0,0,0,0,0,0,0,0,0,TRUE,0,0,0,TRUE,TRUE,0,0,0,0
14028,1,0,0,100,30,30,0,0,57,TRUE,0,0,30,TRUE,TRUE,65000,0,3000,68000
14029,0,0,0,0,0,0,0,0,0,TRUE,0,0,0,TRUE,TRUE,0,0,0,0
14030,0,0,1,400,146,146,0,0,144,TRUE,0,0,146,TRUE,TRUE,115000,0,14600,129600
14031,0,0,1,400,81,81,123,0,381,TRUE,39.8,0,120,TRUE,TRUE,115000,0,8100,123100
14032,0,0,1,400,200,200,132,126,590,TRUE,33.6,126,359,TRUE,TRUE,115000,81086.36364,32600,228686.3636
14033,0,1,0,200,66,66,0,0,108,TRUE,0,0,66,TRUE,TRUE,95000,0,6600,101600
14034,1,0,0,100,46,46,0,0,85,TRUE,0,0,46,TRUE,TRUE,65000,0,4600,69600
14035,1,0,0,100,0,0,0,0,6,TRUE,0,0,0,TRUE,TRUE,65000,0,0,65000
14036,0,0,1,400,187,187,59,0,193,TRUE,6.6,0,193,TRUE,TRUE,115000,0,18700,133700
14037,1,0,0,100,8,8,0,0,42,TRUE,0,0,8,TRUE,TRUE,65000,0,800,65800
14039,1,0,0,100,3,3,0,0,4,TRUE,0,0,3,TRUE,TRUE,65000,0,300,65300
14040,0,0,0,0,0,0,53,52,105,TRUE,40.4,51,91,TRUE,TRUE,0,30022.64151,5100,35122.64151
14041,1,0,0,100,0,0,0,0,5,TRUE,0,0,0,TRUE,TRUE,65000,0,0,65000
14042,0,0,1,400,153,153,39,0,344,TRUE,23.4,0,176,TRUE,TRUE,115000,0,15300,130300
14043,0,0,0,0,0,0,849,274,1123,TRUE,508.2,252,760,TRUE,TRUE,0,90702.43902,25200,115902.439
14047,0,0,0,0,0,0,178,76,215,TRUE,112,76,188,TRUE,TRUE,0,33082.35294,7600,40682.35294
14048,0,0,1,400,200,200,496,77,904,TRUE,235.2,77,512,TRUE,TRUE,115000,24906.17284,27700,167606.1728
14051,0,0,1,400,200,200,384,344,1015,TRUE,178.4,344,722,TRUE,TRUE,115000,119957.9477,54400,289357.9477
14052,0,0,1,400,200,200,329,52,680,TRUE,153,52,405,TRUE,TRUE,115000,17622.22222,25200,157822.2222
14054,1,0,0,100,44,44,0,0,95,TRUE,0,0,44,TRUE,TRUE,65000,0,4400,69400
14055,1,0,0,100,21,21,0,0,33,TRUE,0,0,21,TRUE,TRUE,65000,0,2100,67100
14056,1,0,0,100,0,0,0,0,12,TRUE,0,0,0,TRUE,TRUE,65000,0,0,65000
14057,0,0,1,400,193,193,107,0,350,TRUE,56,0,249,TRUE,TRUE,115000,0,19300,134300
14058,0,0,1,400,172,172,40,0,210,TRUE,0,0,172,TRUE,TRUE,115000,0,17200,132200
14059,0,0,0,0,0,0,339,330,555,TRUE,136,330,466,TRUE,TRUE,0,144690.3677,33000,177690.3677
14060,1,0,0,100,2,2,0,0,14,TRUE,0,0,2,TRUE,TRUE,65000,0,200,65200
14061,1,0,0,100,0,0,0,0,2,TRUE,0,0,0,TRUE,TRUE,65000,0,0,65000
14062,0,0,1,400,121,121,0,0,250,TRUE,0,0,121,TRUE,TRUE,115000,0,12100,127100
14063,0,0,0,0,0,0,336,106,411,TRUE,188,106,294,TRUE,TRUE,0,43753.19149,10600,54353.19149
14065,0,1,0,200,60,60,0,0,150,TRUE,0,0,60,TRUE,TRUE,95000,0,6000,101000
14067,0,1,0,200,94,94,72,0,251,TRUE,9.6,0,103,TRUE,TRUE,95000,0,9400,104400
14069,1,0,0,100,41,41,0,0,47,TRUE,0,0,41,TRUE,TRUE,65000,0,4100,69100
14070,0,1,1,600,289,289,84,0,591,TRUE,24.8,0,313,TRUE,TRUE,210000,0,28900,238900
14072,0,0,0,0,0,0,841,379,969,TRUE,418,379,797,TRUE,TRUE,0,122852.8267,37900,160752.8267
14080,0,0,0,0,0,0,107,117,200,TRUE,53.8,117,170,TRUE,TRUE,0,69755.42169,11700,81455.42169
14082,1,0,0,100,12,12,8,0,49,TRUE,0,0,12,TRUE,TRUE,65000,0,1200,66200
14083,0,0,0,0,0,0,0,0,0,TRUE,0,0,0,TRUE,TRUE,0,0,0,0
14085,0,0,1,400,159,159,211,0,488,TRUE,117.4,0,276,TRUE,TRUE,115000,0,15900,130900
14086,0,0,1,400,200,200,740,643,1606,TRUE,356,643,1199,TRUE,TRUE,115000,229212.6188,84300,428512.6188
14091,0,1,0,200,68,68,8,0,161,TRUE,0,0,68,TRUE,TRUE,95000,0,6800,101800
14092,0,0,0,0,0,0,177,129,306,TRUE,116.8,97,213,TRUE,TRUE,0,54847.49745,9700,64547.49745
14098,0,0,1,400,174,174,0,0,310,TRUE,0,0,174,TRUE,TRUE,115000,0,17400,132400
14101,0,1,0,200,52,52,0,0,124,TRUE,0,0,52,TRUE,TRUE,95000,0,5200,100200
14102,1,0,0,100,9,9,0,0,54,TRUE,0,0,9,TRUE,TRUE,65000,0,900,65900
14105,1,0,1,500,242,242,8,0,290,TRUE,0,0,242,TRUE,TRUE,180000,0,24200,204200
14109,0,0,0,0,0,0,0,0,0,TRUE,0,0,0,TRUE,TRUE,0,0,0,0
14111,0,1,0,200,78,78,16,0,145,TRUE,0,0,78,TRUE,TRUE,95000,0,7800,102800
14112,0,0,0,0,0,0,0,0,0,TRUE,0,0,0,TRUE,TRUE,0,0,0,0
14113,1,0,0,100,33,33,0,0,29,TRUE,0,0,33,TRUE,TRUE,65000,0,3300,68300
14120,0,0,2,800,400,400,968,845,1933,TRUE,429.6,845,1674,TRUE,TRUE,230000,347044.1163,124500,701544.1163
14125,0,0,1,400,98,98,0,0,205,TRUE,0,0,98,TRUE,TRUE,115000,0,9800,124800
14126,1,0,0,100,0,0,0,0,11,TRUE,0,0,0,TRUE,TRUE,65000,0,0,65000
14127,0,0,0,0,0,0,1125,453,1538,TRUE,658.6,453,1111,TRUE,TRUE,0,144959.1319,45300,190259.1319
14129,1,0,0,100,30,30,0,0,82,TRUE,0,0,30,TRUE,TRUE,65000,0,3000,68000
14130,1,0,0,100,0,0,0,0,7,TRUE,0,0,0,TRUE,TRUE,65000,0,0,65000
14132,0,0,1,400,96,96,101,0,359,TRUE,38.2,0,134,TRUE,TRUE,115000,0,9600,124600
14134,1,0,0,100,4,4,0,0,6,TRUE,0,0,4,TRUE,TRUE,65000,0,400,65400
14135,1,0,0,100,0,0,0,0,4,TRUE,0,0,0,TRUE,TRUE,65000,0,0,65000
14136,0,0,1,400,156,156,16,0,301,TRUE,0,0,156,TRUE,TRUE,115000,0,15600,130600
14138,0,0,0,0,0,0,66,76,142,TRUE,18.8,38,56,TRUE,TRUE,0,60738.46154,3800,64538.46154
14139,0,1,0,200,90,90,0,0,163,TRUE,0,0,90,TRUE,TRUE,95000,0,9000,104000
14143,1,0,0,100,33,33,0,0,96,TRUE,0,0,33,TRUE,TRUE,65000,0,3300,68300
14145,0,1,0,200,71,71,32,0,77,TRUE,0,0,71,TRUE,TRUE,95000,0,7100,102100
14166,0,0,0,0,0,0,0,0,0,TRUE,0,0,0,TRUE,TRUE,0,0,0,0
14167,0,1,0,200,88,88,0,0,86,TRUE,0,0,88,TRUE,TRUE,95000,0,8800,103800
14168,0,0,0,0,0,0,0,0,0,TRUE,0,0,0,TRUE,TRUE,0,0,0,0
14169,0,0,0,0,0,0,0,0,0,TRUE,0,0,0,TRUE,TRUE,0,0,0,0
14170,0,1,0,200,54,54,0,0,128,TRUE,0,0,54,TRUE,TRUE,95000,0,5400,100400
14171,0,0,0,0,0,0,40,38,59,TRUE,12,38,50,TRUE,TRUE,0,26600,3800,30400
14172,0,1,0,200,84,84,16,0,135,TRUE,0,0,84,TRUE,TRUE,95000,0,8400,103400
14174,0,0,0,0,0,0,214,78,268,TRUE,112.8,78,190,TRUE,TRUE,0,27787.5,7800,35587.5
14201,0,0,1,400,200,200,596,121,1079,TRUE,185.2,121,506,TRUE,TRUE,115000,37424.04372,32100,184524.0437
14204,0,0,0,0,0,0,410,252,522,TRUE,61.6,252,313,TRUE,TRUE,0,87733.33333,25200,112933.3333
14206,0,0,3,1200,445,445,308,42,1550,TRUE,136,42,623,TRUE,TRUE,345000,17432.25806,48700,411132.2581
14207,0,0,4,1600,800,800,830,290,2720,TRUE,246.2,23,1069,TRUE,TRUE,460000,97448.17301,82300,639748.173
14208,0,0,0,0,0,0,467,340,724,TRUE,128.8,340,468,TRUE,TRUE,0,151040.2323,34000,185040.2323
14212,0,0,3,1200,540,540,290,0,1399,TRUE,178.6,0,718,TRUE,TRUE,345000,0,54000,399000
14213,0,0,5,2000,1000,1000,478,222,2444,TRUE,136.4,222,1358,TRUE,TRUE,575000,84157.57576,122200,781357.5758
14216,0,0,3,1200,600,600,338,328,1012,TRUE,160.2,328,1088,TRUE,TRUE,345000,160449.7253,92800,598249.7253
14217,0,0,1,400,200,200,401,183,984,TRUE,277.6,100,577,TRUE,TRUE,115000,65608.71236,30000,210608.7124
14218,0,0,2,800,400,400,636,418,1745,TRUE,280,418,1098,TRUE,TRUE,230000,136427.5862,81800,448227.5862
14219,0,0,1,400,166,166,179,0,532,TRUE,60.2,0,226,TRUE,TRUE,115000,0,16600,131600
14221,0,0,0,0,0,0,2314,1170,2526,TRUE,906.6,1170,2076,TRUE,TRUE,0,407993.212,117000,524993.212
14222,0,0,2,800,400,400,201,60,521,TRUE,159.4,60,619,TRUE,TRUE,230000,21917.35537,46000,297917.3554
14223,0,0,1,400,200,200,515,396,925,TRUE,223,396,819,TRUE,TRUE,115000,165595.9647,59600,340195.9647
14224,0,0,1,400,200,200,763,646,1649,TRUE,456.8,646,1302,TRUE,TRUE,115000,230639.1069,84600,430239.1069
14226,0,0,0,0,0,0,1002,630,1445,TRUE,361.8,630,991,TRUE,TRUE,0,211000,63000,274000
14227,0,0,2,800,400,400,421,41,1225,TRUE,265,41,706,TRUE,TRUE,230000,14057.14286,44100,288157.1429
14228,0,0,0,0,0,0,794,353,1136,TRUE,471.6,353,824,TRUE,TRUE,0,130782.1206,35300,166082.1206
14261,0,0,0,0,0,0,0,0,0,TRUE,0,0,0,TRUE,TRUE,0,0,0,0
14301,0,0,1,400,200,200,388,142,788,TRUE,102,142,444,TRUE,TRUE,115000,45105.88235,34200,194305.8824
14302,0,0,0,0,0,0,0,0,0,TRUE,0,0,0,TRUE,TRUE,0,0,0,0
14303,0,1,1,600,300,300,111,12,700,TRUE,10,12,322,TRUE,TRUE,210000,6763.636364,31200,247963.6364
14411,0,0,1,400,115,115,140,34,574,TRUE,67.6,0,182,TRUE,TRUE,115000,16377.46479,11500,142877.4648
14413,0,0,0,0,0,0,0,0,0,TRUE,0,0,0,TRUE,TRUE,0,0,0,0
14415,1,0,0,100,5,5,0,0,10,TRUE,0,0,5,TRUE,TRUE,65000,0,500,65500
14416,1,0,0,100,50,50,80,69,168,TRUE,28.8,69,147,TRUE,TRUE,65000,40228.57143,11900,117128.5714
14418,0,1,0,200,64,64,0,0,74,TRUE,0,0,64,TRUE,TRUE,95000,0,6400,101400
14420,0,0,0,0,0,0,636,276,816,TRUE,330,276,606,TRUE,TRUE,0,85861.24627,27600,113461.2463
14422,0,1,0,200,94,94,0,0,155,TRUE,0,0,94,TRUE,TRUE,95000,0,9400,104400
14423,1,0,0,100,50,50,116,96,245,TRUE,38.4,96,184,TRUE,TRUE,65000,47634.34343,14600,127234.3434
14427,0,1,0,200,51,51,0,0,120,TRUE,0,0,51,TRUE,TRUE,95000,0,5100,100100
14428,0,0,2,800,374,374,76,0,327,TRUE,0,0,374,TRUE,TRUE,230000,0,37400,267400
14432,0,0,0,0,0,0,329,81,363,TRUE,112.4,81,193,TRUE,TRUE,0,30927.27273,8100,39027.27273
14433,0,0,1,400,200,200,69,42,465,TRUE,35,42,277,TRUE,TRUE,115000,31733.33333,24200,170933.3333
14435,1,0,0,100,50,50,0,0,91,TRUE,0,0,50,TRUE,TRUE,65000,0,5000,70000
14437,0,0,0,0,0,0,394,182,497,TRUE,20.8,182,202,TRUE,TRUE,0,53900,18200,72100
14441,1,0,0,100,8,8,0,0,27,TRUE,0,0,8,TRUE,TRUE,65000,0,800,65800
14445,0,0,0,0,0,0,286,205,457,TRUE,0,205,205,TRUE,TRUE,0,56648.85496,20500,77148.85496
14453,0,0,0,0,0,0,0,0,0,TRUE,0,0,0,TRUE,TRUE,0,0,0,0
14454,0,0,0,0,0,0,191,217,367,TRUE,54.2,217,271,TRUE,TRUE,0,101172.384,21700,122872.384
14462,1,0,0,100,44,44,0,0,63,TRUE,0,0,44,TRUE,TRUE,65000,0,4400,69400
14464,0,1,1,600,300,300,55,23,483,TRUE,21.6,23,344,TRUE,TRUE,210000,15297.67442,32300,257597.6744
14466,1,0,0,100,28,28,0,0,55,TRUE,0,0,28,TRUE,TRUE,65000,0,2800,67800
14467,0,0,1,400,200,200,159,81,490,TRUE,78.6,81,359,TRUE,TRUE,115000,28955.90551,28100,172055.9055
14468,0,0,1,400,200,200,384,318,993,TRUE,162.8,318,680,TRUE,TRUE,115000,127837.2039,51800,294637.2039
14469,0,0,1,400,177,177,96,0,216,TRUE,0,0,177,TRUE,TRUE,115000,0,17700,132700
14470,0,0,1,400,200,200,135,38,528,TRUE,60.8,38,298,TRUE,TRUE,115000,15600,23800,154400
14471,0,0,0,0,0,0,96,57,115,TRUE,0,57,57,TRUE,TRUE,0,25650,5700,31350
14472,0,0,2,800,374,374,8,0,522,TRUE,0,0,374,TRUE,TRUE,230000,0,37400,267400
14475,1,0,0,100,0,0,0,0,8,TRUE,0,0,0,TRUE,TRUE,65000,0,0,65000
14476,0,0,0,0,0,0,116,99,154,TRUE,9.6,99,108,TRUE,TRUE,0,39600,9900,49500
14477,1,0,0,100,49,49,0,0,44,TRUE,0,0,49,TRUE,TRUE,65000,0,4900,69900
14478,1,0,0,100,31,31,0,0,22,TRUE,0,0,31,TRUE,TRUE,65000,0,3100,68100
14479,0,0,0,0,0,0,0,0,0,TRUE,0,0,0,TRUE,TRUE,0,0,0,0
14481,1,0,0,100,45,45,8,0,86,TRUE,0,0,45,TRUE,TRUE,65000,0,4500,69500
14485,0,0,1,400,130,130,64,0,173,TRUE,12,0,142,TRUE,TRUE,115000,0,13000,128000
14486,1,0,0,100,10,10,8,0,17,TRUE,0,0,10,TRUE,TRUE,65000,0,1000,66000
14489,1,0,1,500,250,250,48,40,564,TRUE,33.6,40,323,TRUE,TRUE,180000,24666.66667,29000,233666.6667
14502,0,0,0,0,0,0,389,239,559,TRUE,210.6,239,449,TRUE,TRUE,0,81501.49254,23900,105401.4925
14505,0,0,0,0,0,0,148,136,245,TRUE,0,136,136,TRUE,TRUE,0,46628.57143,13600,60228.57143
14507,1,0,0,100,34,34,8,0,65,TRUE,0,0,34,TRUE,TRUE,65000,0,3400,68400
14510,0,0,0,0,0,0,310,42,352,TRUE,184.8,0,179,TRUE,TRUE,0,11989.74359,0,11989.74359
14511,1,0,0,100,0,0,0,0,15,TRUE,0,0,0,TRUE,TRUE,65000,0,0,65000
14512,0,1,0,200,100,100,44,2,177,TRUE,0,2,102,TRUE,TRUE,95000,1309.090909,10200,106509.0909
14513,0,0,1,400,182,182,436,146,982,TRUE,268.8,0,450,TRUE,TRUE,115000,41786.2069,18200,174986.2069
14515,0,0,0,0,0,0,0,0,0,TRUE,0,0,0,TRUE,TRUE,0,0,0,0
14516,0,0,1,400,128,128,0,0,155,TRUE,0,0,128,TRUE,TRUE,115000,0,12800,127800
14517,0,1,0,200,79,79,16,0,198,TRUE,0,0,79,TRUE,TRUE,95000,0,7900,102900
14519,0,0,1,400,200,200,310,117,639,TRUE,117.2,117,434,TRUE,TRUE,115000,43063.86555,31700,189763.8655
14521,0,0,1,400,141,141,8,0,265,TRUE,0,0,141,TRUE,TRUE,115000,0,14100,129100
14522,1,0,1,500,250,250,41,21,424,TRUE,19.8,21,290,TRUE,TRUE,180000,27533.33333,27100,234633.3333
14525,0,0,0,0,0,0,91,99,131,TRUE,0,99,99,TRUE,TRUE,0,79778.81356,9900,89678.81356
14526,0,0,0,0,0,0,779,699,1081,TRUE,165.2,699,864,TRUE,TRUE,0,256923.28,69900,326823.28
14527,0,0,1,400,200,200,336,215,695,TRUE,142.6,215,557,TRUE,TRUE,115000,65513.08901,41500,222013.089
14529,0,0,0,0,0,0,0,0,0,TRUE,0,0,0,TRUE,TRUE,0,0,0,0
14530,0,0,1,400,178,178,151,0,519,TRUE,30.6,0,208,TRUE,TRUE,115000,0,17800,132800
14533,0,1,0,200,90,90,0,0,97,TRUE,0,0,90,TRUE,TRUE,95000,0,9000,104000
14534,0,0,0,0,0,0,1133,989,1901,TRUE,312.6,989,1301,TRUE,TRUE,0,343695.6143,98900,442595.6143
14536,0,0,0,0,0,0,20,20,36,TRUE,0,20,20,TRUE,TRUE,0,24000,2000,26000
14537,0,0,0,0,0,0,0,0,0,TRUE,0,0,0,TRUE,TRUE,0,0,0,0
14541,0,0,1,400,131,131,8,0,192,TRUE,0,0,131,TRUE,TRUE,115000,0,13100,128100
14542,0,0,0,0,0,0,0,0,0,TRUE,0,0,0,TRUE,TRUE,0,0,0,0
14546,0,0,1,400,200,200,69,42,213,TRUE,0,42,242,TRUE,TRUE,115000,20573.91304,24200,159773.913
14548,0,0,1,400,76,76,0,0,218,TRUE,0,0,76,TRUE,TRUE,115000,0,7600,122600
14549,1,0,0,100,41,41,0,0,21,TRUE,0,0,41,TRUE,TRUE,65000,0,4100,69100
14550,1,0,0,100,29,29,8,6,114,TRUE,0,0,29,TRUE,TRUE,65000,16200,2900,84100
14551,0,1,0,200,88,88,46,0,235,TRUE,22.8,0,110,TRUE,TRUE,95000,0,8800,103800
14555,1,0,0,100,47,47,0,0,44,TRUE,0,0,47,TRUE,TRUE,65000,0,4700,69700
14556,0,0,0,0,0,0,0,0,0,TRUE,0,0,0,TRUE,TRUE,0,0,0,0
14557,1,0,0,100,4,4,0,0,4,TRUE,0,0,4,TRUE,TRUE,65000,0,400,65400
14560,1,0,0,100,42,42,16,0,84,TRUE,0,0,42,TRUE,TRUE,65000,0,4200,69200
14561,1,0,0,100,38,38,0,0,88,TRUE,0,0,38,TRUE,TRUE,65000,0,3800,68800
14568,1,0,0,100,50,50,117,92,263,TRUE,0,92,142,TRUE,TRUE,65000,36617.82178,14200,115817.8218
14571,1,0,0,100,27,27,0,0,31,TRUE,0,0,27,TRUE,TRUE,65000,0,2700,67700
14572,0,0,1,400,72,72,138,0,446,TRUE,45.4,0,117,TRUE,TRUE,115000,0,7200,122200
14585,0,0,0,0,0,0,0,0,0,TRUE,0,0,0,TRUE,TRUE,0,0,0,0
14588,0,0,0,0,0,0,0,0,0,TRUE,0,0,0,TRUE,TRUE,0,0,0,0
14590,0,0,1,400,48,48,46,0,295,TRUE,27.6,0,75,TRUE,TRUE,115000,0,4800,119800
14591,0,0,0,0,0,0,72,66,103,TRUE,0,66,66,TRUE,TRUE,0,59700,6600,66300
14592,0,0,0,0,0,0,0,0,0,TRUE,0,0,0,TRUE,TRUE,0,0,0,0
14607,0,0,0,0,0,0,234,64,266,TRUE,126.8,64,190,TRUE,TRUE,0,25349.01961,6400,31749.01961
14608,0,0,0,0,0,0,764,225,989,TRUE,270.4,214,484,TRUE,TRUE,0,60679.44251,21400,82079.44251
14610,0,0,1,400,200,200,237,157,493,TRUE,63.4,157,420,TRUE,TRUE,115000,67080.68984,35700,217780.6898
14615,0,0,4,1600,800,800,465,146,1551,TRUE,127,146,1073,TRUE,TRUE,460000,50991.04478,94600,605591.0448
14616,0,0,5,2000,802,802,428,0,2369,TRUE,164.4,0,966,TRUE,TRUE,575000,0,80200,655200
14617,0,0,0,0,0,0,670,397,1067,TRUE,245.6,383,628,TRUE,TRUE,0,141416.4741,38300,179716.4741
14620,0,0,0,0,0,0,676,131,807,TRUE,415,0,357,TRUE,TRUE,0,40836.87151,0,40836.87151
14622,0,0,2,800,400,400,211,35,570,TRUE,24,35,459,TRUE,TRUE,230000,16459.45946,43500,289959.4595
14626,0,0,1,400,200,200,620,484,1151,TRUE,301.8,484,985,TRUE,TRUE,115000,203090.9359,68400,386490.9359
14627,0,0,0,0,0,0,0,0,0,TRUE,0,0,0,TRUE,TRUE,0,0,0,0
14642,0,0,0,0,0,0,0,0,0,TRUE,0,0,0,TRUE,TRUE,0,0,0,0
14706,0,0,1,400,188,188,76,0,300,TRUE,4.8,0,192,TRUE,TRUE,115000,0,18800,133800
14707,1,0,0,100,5,5,0,0,7,TRUE,0,0,5,TRUE,TRUE,65000,0,500,65500
14708,1,0,0,100,6,6,0,0,7,TRUE,0,0,6,TRUE,TRUE,65000,0,600,65600
14709,1,0,0,100,38,38,0,0,80,TRUE,0,0,38,TRUE,TRUE,65000,0,3800,68800
14710,0,1,0,200,71,71,0,0,174,TRUE,0,0,71,TRUE,TRUE,95000,0,7100,102100
14711,0,1,0,200,77,77,0,0,190,TRUE,0,0,77,TRUE,TRUE,95000,0,7700,102700
14712,0,0,0,0,0,0,56,59,73,TRUE,0,59,59,TRUE,TRUE,0,32871.42857,5900,38771.42857
14714,1,0,0,100,43,43,0,0,61,TRUE,0,0,43,TRUE,TRUE,65000,0,4300,69300
14715,1,0,0,100,50,50,45,20,160,TRUE,18.2,20,88,TRUE,TRUE,65000,20000,7000,92000
14718,0,1,0,200,60,60,7,0,86,TRUE,0,0,60,TRUE,TRUE,95000,0,6000,101000
14719,0,0,1,400,109,109,16,0,246,TRUE,0,0,109,TRUE,TRUE,115000,0,10900,125900
14720,1,0,0,100,23,23,0,0,45,TRUE,0,0,23,TRUE,TRUE,65000,0,2300,67300
14721,1,0,0,100,0,0,0,0,7,TRUE,0,0,0,TRUE,TRUE,65000,0,0,65000
14722,0,0,0,0,0,0,0,0,0,TRUE,0,0,0,TRUE,TRUE,0,0,0,0
14723,1,0,0,100,46,46,0,0,83,TRUE,0,0,46,TRUE,TRUE,65000,0,4600,69600
14724,0,0,1,400,158,158,0,0,395,TRUE,0,0,158,TRUE,TRUE,115000,0,15800,130800
14726,0,1,1,600,289,289,0,0,522,TRUE,0,0,289,TRUE,TRUE,210000,0,28900,238900
14728,1,0,0,100,17,17,0,0,53,TRUE,0,0,17,TRUE,TRUE,65000,0,1700,66700
14729,1,0,0,100,26,26,0,0,39,TRUE,0,0,26,TRUE,TRUE,65000,0,2600,67600
14732,1,0,0,100,0,0,0,0,2,TRUE,0,0,0,TRUE,TRUE,65000,0,0,65000
14735,0,0,1,400,105,105,0,0,267,TRUE,0,0,105,TRUE,TRUE,115000,0,10500,125500
14736,1,0,0,100,6,6,0,0,6,TRUE,0,0,6,TRUE,TRUE,65000,0,600,65600
14737,0,0,0,0,0,0,182,182,364,TRUE,12,143,155,TRUE,TRUE,0,60036.36364,14300,74336.36364
14738,0,1,0,200,96,96,75,0,246,TRUE,0,0,96,TRUE,TRUE,95000,0,9600,104600
14739,0,0,0,0,0,0,129,84,213,TRUE,42.2,74,116,TRUE,TRUE,0,37800,7400,45200
14740,1,0,0,100,24,24,0,0,41,TRUE,0,0,24,TRUE,TRUE,65000,0,2400,67400
14742,0,0,0,0,0,0,0,0,0,TRUE,0,0,0,TRUE,TRUE,0,0,0,0
14744,1,0,0,100,44,44,0,0,96,TRUE,0,0,44,TRUE,TRUE,65000,0,4400,69400
14747,0,1,0,200,100,100,15,4,177,TRUE,0,4,104,TRUE,TRUE,95000,10800,10400,116200
14748,1,0,0,100,11,11,0,0,29,TRUE,0,0,11,TRUE,TRUE,65000,0,1100,66100
14752,1,0,0,100,0,0,0,0,30,TRUE,0,0,0,TRUE,TRUE,65000,0,0,65000
14753,1,0,0,100,27,27,0,0,60,TRUE,0,0,27,TRUE,TRUE,65000,0,2700,67700
14754,1,0,0,100,31,31,0,0,40,TRUE,0,0,31,TRUE,TRUE,65000,0,3100,68100
14755,0,0,1,400,86,86,0,0,209,TRUE,0,0,86,TRUE,TRUE,115000,0,8600,123600
14756,0,0,0,0,0,0,0,0,0,TRUE,0,0,0,TRUE,TRUE,0,0,0,0
14767,0,1,0,200,68,68,16,0,211,TRUE,0,0,68,TRUE,TRUE,95000,0,6800,101800
14769,1,0,0,100,40,40,16,0,70,TRUE,0,0,40,TRUE,TRUE,65000,0,4000,69000
14770,0,1,0,200,83,83,70,0,234,TRUE,9,0,92,TRUE,TRUE,95000,0,8300,103300
14772,0,0,1,400,152,152,108,0,322,TRUE,19.2,0,171,TRUE,TRUE,115000,0,15200,130200
14775,0,0,1,400,88,88,0,0,231,TRUE,0,0,88,TRUE,TRUE,115000,0,8800,123800
14777,1,0,0,100,14,14,0,0,43,TRUE,0,0,14,TRUE,TRUE,65000,0,1400,66400
14778,1,0,0,100,2,2,0,0,2,TRUE,0,0,2,TRUE,TRUE,65000,0,200,65200
14779,0,0,0,0,0,0,335,289,624,TRUE,126.2,128,254,TRUE,TRUE,0,96781.48148,12800,109581.4815
14781,0,0,1,400,116,116,0,0,163,TRUE,0,0,116,TRUE,TRUE,115000,0,11600,126600
14782,1,0,0,100,23,23,36,0,116,TRUE,21.6,0,44,TRUE,TRUE,65000,0,2300,67300
14783,1,0,0,100,0,0,0,0,3,TRUE,0,0,0,TRUE,TRUE,65000,0,0,65000
14784,1,0,0,100,18,18,0,0,52,TRUE,0,0,18,TRUE,TRUE,65000,0,1800,66800
14785,0,0,0,0,0,0,0,0,0,TRUE,0,0,0,TRUE,TRUE,0,0,0,0
14787,0,0,1,400,129,129,53,0,395,TRUE,0,0,129,TRUE,TRUE,115000,0,12900,127900
14788,1,0,0,100,0,0,0,0,1,TRUE,0,0,0,TRUE,TRUE,65000,0,0,65000
14801,0,0,1,400,200,200,136,99,544,TRUE,0,99,299,TRUE,TRUE,115000,83728.57143,29900,228628.5714
14803,0,1,0,200,74,74,24,0,110,TRUE,0,0,74,TRUE,TRUE,95000,0,7400,102400
14804,1,0,0,100,29,29,28,0,73,TRUE,0,0,29,TRUE,TRUE,65000,0,2900,67900
14806,0,1,0,200,85,85,16,0,166,TRUE,0,0,85,TRUE,TRUE,95000,0,8500,103500
14807,0,0,1,400,148,148,76,0,170,TRUE,0,0,148,TRUE,TRUE,115000,0,14800,129800
14808,1,0,0,100,7,7,0,0,22,TRUE,0,0,7,TRUE,TRUE,65000,0,700,65700
14809,0,0,1,400,154,154,60,0,332,TRUE,0,0,154,TRUE,TRUE,115000,0,15400,130400
14812,0,1,0,200,63,63,0,0,172,TRUE,0,0,63,TRUE,TRUE,95000,0,6300,101300
14813,0,1,0,200,97,97,8,0,186,TRUE,0,0,97,TRUE,TRUE,95000,0,9700,104700
14814,0,0,0,0,0,0,139,68,152,TRUE,34.2,68,102,TRUE,TRUE,0,31262.33766,6800,38062.33766
14815,1,0,0,100,20,20,0,0,49,TRUE,0,0,20,TRUE,TRUE,65000,0,2000,67000
14816,1,0,0,100,17,17,0,0,42,TRUE,0,0,17,TRUE,TRUE,65000,0,1700,66700
14818,1,0,0,100,16,16,0,0,42,TRUE,0,0,16,TRUE,TRUE,65000,0,1600,66600
14819,1,0,0,100,32,32,0,0,93,TRUE,0,0,32,TRUE,TRUE,65000,0,3200,68200
14820,1,0,0,100,37,37,0,0,61,TRUE,0,0,37,TRUE,TRUE,65000,0,3700,68700
14821,0,1,0,200,90,90,24,0,140,TRUE,0,0,90,TRUE,TRUE,95000,0,9000,104000
14822,1,0,0,100,45,45,0,0,73,TRUE,0,0,45,TRUE,TRUE,65000,0,4500,69500
14823,0,1,0,200,100,100,52,16,240,TRUE,0,16,116,TRUE,TRUE,95000,19200,11600,125800
14824,1,0,0,100,39,39,0,0,78,TRUE,0,0,39,TRUE,TRUE,65000,0,3900,68900
14825,1,0,0,100,10,10,0,0,43,TRUE,0,0,10,TRUE,TRUE,65000,0,1000,66000
14826,0,1,0,200,78,78,16,0,153,TRUE,0,0,78,TRUE,TRUE,95000,0,7800,102800
14827,0,0,0,0,0,0,0,0,0,TRUE,0,0,0,TRUE,TRUE,0,0,0,0
14836,1,0,0,100,13,13,0,0,23,TRUE,0,0,13,TRUE,TRUE,65000,0,1300,66300
14837,1,0,1,500,237,237,31,0,511,TRUE,0,0,237,TRUE,TRUE,180000,0,23700,203700
14838,0,1,0,200,70,70,16,0,107,TRUE,0,0,70,TRUE,TRUE,95000,0,7000,102000
14839,1,0,0,100,5,5,0,0,18,TRUE,0,0,5,TRUE,TRUE,65000,0,500,65500
14840,0,0,0,0,0,0,75,55,76,TRUE,0,55,55,TRUE,TRUE,0,36250,5500,41750
14841,1,0,0,100,17,17,0,0,49,TRUE,0,0,17,TRUE,TRUE,65000,0,1700,66700
14842,0,0,1,400,128,128,0,0,87,TRUE,0,0,128,TRUE,TRUE,115000,0,12800,127800
14846,1,0,0,100,25,25,0,0,91,TRUE,0,0,25,TRUE,TRUE,65000,0,2500,67500
14853,0,0,0,0,0,0,0,0,0,TRUE,0,0,0,TRUE,TRUE,0,0,0,0
14854,0,0,0,0,0,0,0,0,0,TRUE,0,0,0,TRUE,TRUE,0,0,0,0
14855,0,1,0,200,64,64,0,0,119,TRUE,0,0,64,TRUE,TRUE,95000,0,6400,101400
14856,0,0,0,0,0,0,0,0,0,TRUE,0,0,0,TRUE,TRUE,0,0,0,0
14859,1,0,0,100,48,48,0,0,80,TRUE,0,0,48,TRUE,TRUE,65000,0,4800,69800
14860,0,1,0,200,68,68,0,0,96,TRUE,0,0,68,TRUE,TRUE,95000,0,6800,101800
14861,1,0,0,100,16,16,0,0,63,TRUE,0,0,16,TRUE,TRUE,65000,0,1600,66600
14864,1,0,0,100,42,42,0,0,95,TRUE,0,0,42,TRUE,TRUE,65000,0,4200,69200
14865,0,0,0,0,0,0,95,27,120,TRUE,57,27,84,TRUE,TRUE,0,11084.21053,2700,13784.21053
14867,0,0,1,400,172,172,26,0,364,TRUE,0,0,172,TRUE,TRUE,115000,0,17200,132200
14871,0,0,1,400,200,200,60,20,232,TRUE,0,20,220,TRUE,TRUE,115000,10666.66667,22000,147666.6667
14872,1,0,0,100,12,12,0,0,58,TRUE,0,0,12,TRUE,TRUE,65000,0,1200,66200
14873,0,0,0,0,0,0,91,67,158,TRUE,21,55,76,TRUE,TRUE,0,51474.07407,5500,56974.07407
14874,1,0,0,100,7,7,0,0,23,TRUE,0,0,7,TRUE,TRUE,65000,0,700,65700
14877,1,0,0,100,28,28,0,0,56,TRUE,0,0,28,TRUE,TRUE,65000,0,2800,67800
14878,1,0,0,100,38,38,0,0,94,TRUE,0,0,38,TRUE,TRUE,65000,0,3800,68800
14882,0,0,1,400,172,172,16,0,268,TRUE,0,0,172,TRUE,TRUE,115000,0,17200,132200
14883,0,0,1,400,200,200,32,19,356,TRUE,0,19,219,TRUE,TRUE,115000,27550,21900,164450
14884,0,0,0,0,0,0,30,11,41,TRUE,25.2,0,22,TRUE,TRUE,0,9533.333333,0,9533.333333
14885,0,0,0,0,0,0,39,17,56,TRUE,23.4,0,10,TRUE,TRUE,0,12117.94872,0,12117.94872
14886,0,1,0,200,77,77,116,0,282,TRUE,57.6,0,134,TRUE,TRUE,95000,0,7700,102700
14889,0,0,0,0,0,0,60,58,118,TRUE,0,58,58,TRUE,TRUE,0,42736.36364,5800,48536.36364
14891,0,0,0,0,0,0,157,161,300,TRUE,49.2,161,210,TRUE,TRUE,0,71585.34279,16100,87685.34279
14892,0,0,1,400,149,149,52,0,433,TRUE,9.6,0,158,TRUE,TRUE,115000,0,14900,129900
14893,1,0,0,100,0,0,0,0,6,TRUE,0,0,0,TRUE,TRUE,65000,0,0,65000
14894,0,1,0,200,57,57,0,0,105,TRUE,0,0,57,TRUE,TRUE,95000,0,5700,100700
14897,1,0,0,100,22,22,16,0,82,TRUE,12.8,0,34,TRUE,TRUE,65000,0,2200,67200
14898,0,1,0,200,87,87,0,0,125,TRUE,0,0,87,TRUE,TRUE,95000,0,8700,103700